query_id,rag_ndcg_at_1,llm_only_ndcg_at_1,delta_llm_minus_rag_ndcg_at_1,rag_ndcg_at_3,llm_only_ndcg_at_3,delta_llm_minus_rag_ndcg_at_3,rag_ndcg_at_5,llm_only_ndcg_at_5,delta_llm_minus_rag_ndcg_at_5,rag_hit_at_1,llm_only_hit_at_1,delta_llm_minus_rag_hit_at_1,rag_hit_at_3,llm_only_hit_at_3,delta_llm_minus_rag_hit_at_3,rag_hit_at_5,llm_only_hit_at_5,delta_llm_minus_rag_hit_at_5,rag_strict_hit_at_3,llm_only_strict_hit_at_3,delta_llm_minus_rag_strict_hit_at_3,rag_must_have_recall_at_1,llm_only_must_have_recall_at_1,delta_llm_minus_rag_must_have_recall_at_1,rag_must_have_recall_at_3,llm_only_must_have_recall_at_3,delta_llm_minus_rag_must_have_recall_at_3,rag_must_have_recall_at_5,llm_only_must_have_recall_at_5,delta_llm_minus_rag_must_have_recall_at_5,rag_relevant_recall_at_3,llm_only_relevant_recall_at_3,delta_llm_minus_rag_relevant_recall_at_3,rag_relevant_recall_at_5,llm_only_relevant_recall_at_5,delta_llm_minus_rag_relevant_recall_at_5
1d_tsc_verification,1.0,1.0,0.0,1.0,1.0,0.0,0.7227265726449517,0.7227265726449517,0.0,True,True,0.0,True,True,0.0,True,True,0.0,True,True,0.0,0.25,0.25,0.0,0.5,0.5,0.0,0.5,0.5,0.0,0.18181818181818182,0.18181818181818182,0.0,0.18181818181818182,0.18181818181818182,0.0
2d_edge_modes,1.0,1.0,0.0,0.4692787260227565,0.7653606369886218,0.2960819109658653,0.3391602052736161,0.6992148198508501,0.360054614577234,True,True,0.0,True,True,0.0,True,True,0.0,True,True,0.0,0.25,0.25,0.0,0.25,0.5,0.25,0.25,0.5,0.25,0.1,0.2,0.1,0.1,0.2,0.1
2des-cross-pol,1.0,1.0,0.0,0.4692787260227565,0.4692787260227565,0.0,0.3391602052736161,0.3391602052736161,0.0,True,True,0.0,True,True,0.0,True,True,0.0,True,True,0.0,0.25,0.25,0.0,0.25,0.25,0.0,0.25,0.25,0.0,0.14285714285714285,0.14285714285714285,0.0,0.14285714285714285,0.14285714285714285,0.0
2des-lh2-instrument,1.0,1.0,0.0,0.7653606369886218,0.4692787260227565,-0.2960819109658653,0.5531464700081437,0.3391602052736161,-0.21398626473452753,True,True,0.0,True,True,0.0,True,True,0.0,True,True,0.0,0.125,0.125,0.0,0.25,0.125,-0.125,0.25,0.125,-0.125,0.16666666666666666,0.08333333333333333,-0.08333333333333333,0.16666666666666666,0.08333333333333333,-0.08333333333333333
2des_77k_lhcii,1.0,1.0,0.0,0.4692787260227565,0.511576141875023,0.042297415852266484,0.3391602052736161,0.3697296716642629,0.030569466390646782,True,True,0.0,True,True,0.0,True,True,0.0,True,True,0.0,0.25,0.25,0.0,0.25,0.25,0.0,0.25,0.25,0.0,0.125,0.125,0.0,0.125,0.125,0.0
2des_psii_supercomplex,0.0,1.0,1.0,0.0,0.511576141875023,0.511576141875023,0.0,0.3697296716642629,0.3697296716642629,False,True,1.0,False,True,1.0,False,True,1.0,False,True,1.0,0.0,0.25,0.25,0.0,0.25,0.25,0.0,0.25,0.25,0.0,0.16666666666666666,0.16666666666666666,0.0,0.16666666666666666,0.16666666666666666
ALD-SiO2-GeO2-multilayer,1.0,1.0,0.0,0.7653606369886218,0.4692787260227565,-0.2960819109658653,0.5531464700081437,0.4852285551163225,-0.06791791489182114,True,True,0.0,True,True,0.0,True,True,0.0,True,True,0.0,0.3333333333333333,0.3333333333333333,0.0,0.3333333333333333,0.3333333333333333,0.0,0.3333333333333333,0.3333333333333333,0.0,0.4,0.2,-0.2,0.4,0.4,0.0
K-bir_local_structure_imaging,1.0,1.0,0.0,0.7653606369886218,0.596170973579556,-0.16918966340906583,0.5740133771285303,0.4308686044455565,-0.14314477268297376,True,True,0.0,True,True,0.0,True,True,0.0,True,True,0.0,0.25,0.25,0.0,0.25,0.25,0.0,0.25,0.25,0.0,0.125,0.25,0.125,0.125,0.25,0.125
P1,1.0,1.0,0.0,0.4692787260227565,0.7653606369886218,0.2960819109658653,0.3666495063604039,0.5979795890554701,0.23133008269506622,True,True,0.0,True,True,0.0,True,True,0.0,True,True,0.0,0.0,0.5,0.5,0.0,0.5,0.5,0.0,0.5,0.5,0.2,0.4,0.2,0.2,0.4,0.2
PEF_processing_crystallization,1.0,1.0,0.0,0.596170973579556,0.596170973579556,0.0,0.4308686044455565,0.4934693258067164,0.06260072136115985,True,True,0.0,True,True,0.0,True,True,0.0,True,True,0.0,0.3333333333333333,0.3333333333333333,0.0,0.3333333333333333,0.3333333333333333,0.0,0.3333333333333333,0.3333333333333333,0.0,0.18181818181818182,0.18181818181818182,0.0,0.18181818181818182,0.18181818181818182,0.0
PL_cryostat_setup,0.0,0.0,0.0,0.0,0.2960819109658653,0.2960819109658653,0.0,0.25427392310364916,0.25427392310364916,False,False,0.0,False,True,1.0,False,True,1.0,False,True,1.0,0.0,0.0,0.0,0.0,0.3333333333333333,0.3333333333333333,0.0,0.3333333333333333,0.3333333333333333,0.0,0.2,0.2,0.0,0.2,0.2
Q1,1.0,1.0,0.0,0.4692787260227565,0.7653606369886218,0.2960819109658653,0.3903800499921017,0.6366824387328317,0.24630238874073002,True,True,0.0,True,True,0.0,True,True,0.0,True,True,0.0,0.0,0.5,0.5,0.0,0.5,0.5,0.0,0.5,0.5,0.25,0.25,0.0,0.25,0.25,0.0
SWNT-FET-electrical-probing,0.0,1.0,1.0,0.2960819109658653,1.0,0.7039180890341348,0.21398626473452756,0.7227265726449517,0.5087403079104241,False,True,1.0,True,True,0.0,True,True,0.0,True,True,0.0,0.0,0.0,0.0,0.5,0.5,0.0,0.5,0.5,0.0,0.2,0.4,0.2,0.2,0.4,0.2
UVVIS-RM-001,1.0,1.0,0.0,0.7653606369886218,0.4692787260227565,-0.2960819109658653,0.5979795890554701,0.3666495063604039,-0.23133008269506622,True,True,0.0,True,True,0.0,True,True,0.0,True,True,0.0,0.3333333333333333,0.3333333333333333,0.0,0.3333333333333333,0.3333333333333333,0.0,0.3333333333333333,0.3333333333333333,0.0,0.2,0.2,0.0,0.2,0.2,0.0
XPS-Li-site-assignment,1.0,0.0,-1.0,0.4692787260227565,0.0,-0.4692787260227565,0.3391602052736161,0.0,-0.3391602052736161,True,False,-1.0,True,False,-1.0,True,False,-1.0,True,False,-1.0,0.2,0.0,-0.2,0.2,0.0,-0.2,0.2,0.0,-0.2,0.2,0.0,-0.2,0.2,0.0,-0.2
abh2022_rheometer,0.0,1.0,1.0,0.0,1.0,1.0,0.0,0.7227265726449517,0.7227265726449517,False,True,1.0,False,True,1.0,False,True,1.0,False,True,1.0,0.0,0.0,0.0,0.0,0.0,0.0,0.0,0.0,0.0,0.0,0.14285714285714285,0.14285714285714285,0.0,0.14285714285714285,0.14285714285714285
absorbance_to_energy,1.0,1.0,0.0,0.4692787260227565,1.0,0.5307212739772436,0.3391602052736161,0.8687949224876581,0.529634717214042,True,True,0.0,True,True,0.0,True,True,0.0,True,True,0.0,0.14285714285714285,0.14285714285714285,0.0,0.14285714285714285,0.2857142857142857,0.14285714285714285,0.14285714285714285,0.2857142857142857,0.14285714285714285,0.125,0.25,0.125,0.125,0.25,0.125
afm-virus-nanoindentation,1.0,1.0,0.0,0.4692787260227565,0.4692787260227565,0.0,0.3391602052736161,0.4852285551163225,0.1460683498427064,True,True,0.0,True,True,0.0,True,True,0.0,True,True,0.0,0.2,0.2,0.0,0.2,0.2,0.0,0.2,0.4,0.2,0.1111111111111111,0.1111111111111111,0.0,0.1111111111111111,0.2222222222222222,0.1111111111111111
afm_bladecoated_npl_film_morphology,0.0,1.0,1.0,0.0,0.4692787260227565,0.4692787260227565,0.0,0.45610970846684606,0.45610970846684606,False,True,1.0,False,True,1.0,False,True,1.0,False,True,1.0,0.0,0.3333333333333333,0.3333333333333333,0.0,0.3333333333333333,0.3333333333333333,0.0,0.3333333333333333,0.3333333333333333,0.0,0.3333333333333333,0.3333333333333333,0.0,0.3333333333333333,0.3333333333333333
afm_hsafm_membrane_domain_dissolution,0.0,1.0,1.0,0.23463936301137825,0.4692787260227565,0.23463936301137825,0.16958010263680806,0.3391602052736161,0.16958010263680806,False,True,1.0,True,True,0.0,True,True,0.0,True,True,0.0,0.0,0.3333333333333333,0.3333333333333333,0.3333333333333333,0.3333333333333333,0.0,0.3333333333333333,0.3333333333333333,0.0,0.125,0.125,0.0,0.125,0.125,0.0
afm_vesicle_nanoindentation,1.0,1.0,0.0,0.4692787260227565,0.4692787260227565,0.0,0.382135764664834,0.382135764664834,0.0,True,True,0.0,True,True,0.0,True,True,0.0,True,True,0.0,0.25,0.25,0.0,0.25,0.25,0.0,0.25,0.25,0.0,0.25,0.25,0.0,0.25,0.25,0.0
amorphous_assembly_structure,1.0,1.0,0.0,0.4692787260227565,0.8659203639934981,0.39664163797074165,0.3391602052736161,0.7718920066951964,0.4327318014215803,True,True,0.0,True,True,0.0,True,True,0.0,True,True,0.0,0.3333333333333333,0.3333333333333333,0.0,0.3333333333333333,0.3333333333333333,0.0,0.3333333333333333,0.3333333333333333,0.0,0.1111111111111111,0.2222222222222222,0.1111111111111111,0.1111111111111111,0.3333333333333333,0.2222222222222222
ams2022-geometry-dft-eda-td-dft,1.0,0.0,-1.0,0.4692787260227565,0.0,-0.4692787260227565,0.3391602052736161,0.0,-0.3391602052736161,True,False,-1.0,True,False,-1.0,True,False,-1.0,True,False,-1.0,0.25,0.0,-0.25,0.25,0.0,-0.25,0.25,0.0,-0.25,0.2,0.0,-0.2,0.2,0.0,-0.2
antifouling_02,1.0,0.0,-1.0,0.4692787260227565,0.39664163797074165,-0.07263708805201485,0.3391602052736161,0.4327318014215803,0.09357159614796418,True,False,-1.0,True,True,0.0,True,True,0.0,True,True,0.0,0.0,0.0,0.0,0.0,0.0,0.0,0.0,0.0,0.0,0.08333333333333333,0.16666666666666666,0.08333333333333333,0.08333333333333333,0.25,0.16666666666666669
antifouling_03,1.0,1.0,0.0,0.596170973579556,1.0,0.40382902642044405,0.4308686044455565,0.7853272940061117,0.35445868956055515,True,True,0.0,True,True,0.0,True,True,0.0,True,True,0.0,0.0,0.0,0.0,0.0,0.0,0.0,0.0,0.0,0.0,0.16666666666666666,0.25,0.08333333333333334,0.16666666666666666,0.3333333333333333,0.16666666666666666
artificial_cilia_flow_generation,0.0,1.0,1.0,0.23463936301137825,1.0,0.7653606369886218,0.31564845247951445,0.7414701551467148,0.4258217026672003,False,True,1.0,True,True,0.0,True,True,0.0,True,True,0.0,0.0,0.0,0.0,0.3333333333333333,0.3333333333333333,0.0,0.3333333333333333,0.3333333333333333,0.0,0.1,0.3,0.19999999999999998,0.2,0.3,0.09999999999999998
artificial_cilia_flow_sensing,0.0,0.0,0.0,0.0,0.0,0.0,0.0,0.0,0.0,False,False,0.0,False,False,0.0,False,False,0.0,False,False,0.0,0.0,0.0,0.0,0.0,0.0,0.0,0.0,0.0,0.0,0.0,0.0,0.0,0.0,0.0,0.0
artificial_cilia_particle_manipulation,0.0,1.0,1.0,0.23463936301137825,0.7653606369886218,0.5307212739772436,0.16958010263680806,0.5531464700081437,0.3835663673713356,False,True,1.0,True,True,0.0,True,True,0.0,True,True,0.0,0.0,0.0,0.0,0.3333333333333333,0.0,-0.3333333333333333,0.3333333333333333,0.0,-0.3333333333333333,0.1,0.2,0.1,0.1,0.2,0.1
artificial_cilia_self_cleaning,1.0,0.0,-1.0,0.4692787260227565,0.0,-0.4692787260227565,0.3391602052736161,0.0,-0.3391602052736161,True,False,-1.0,True,False,-1.0,True,False,-1.0,True,False,-1.0,0.3333333333333333,0.0,-0.3333333333333333,0.3333333333333333,0.0,-0.3333333333333333,0.3333333333333333,0.0,-0.3333333333333333,0.16666666666666666,0.0,-0.16666666666666666,0.16666666666666666,0.0,-0.16666666666666666
asc_power_meter,1.0,0.0,-1.0,0.4692787260227565,0.16041215655842486,-0.30886656946433166,0.3666495063604039,0.14788890695485826,-0.21876059940554562,True,False,-1.0,True,True,0.0,True,True,0.0,True,False,-1.0,0.25,0.0,-0.25,0.25,0.0,-0.25,0.25,0.0,-0.25,0.16666666666666666,0.16666666666666666,0.0,0.16666666666666666,0.16666666666666666,0.0
azo-lc-wave-setup,0.0,0.0,0.0,0.0,0.0,0.0,0.0,0.0,0.0,False,False,0.0,False,False,0.0,False,False,0.0,False,False,0.0,0.0,0.0,0.0,0.0,0.0,0.0,0.0,0.0,0.0,0.0,0.0,0.0,0.0,0.0,0.0
b1_stem_haadf,1.0,1.0,0.0,0.4692787260227565,0.7462155048864012,0.2769367788636447,0.3666495063604039,0.8827681524366181,0.5161186460762142,True,True,0.0,True,True,0.0,True,True,0.0,True,True,0.0,0.25,0.25,0.0,0.25,0.5,0.25,0.25,0.5,0.25,0.14285714285714285,0.2857142857142857,0.14285714285714285,0.14285714285714285,0.2857142857142857,0.14285714285714285
bfo_he_implant_setup,1.0,1.0,0.0,0.4692787260227565,0.7653606369886218,0.2960819109658653,0.382135764664834,0.6232365884956582,0.2411008238308242,True,True,0.0,True,True,0.0,True,True,0.0,True,True,0.0,0.25,0.25,0.0,0.25,0.25,0.0,0.25,0.25,0.0,0.25,0.25,0.0,0.25,0.25,0.0
bhmf-rheology-setup,1.0,1.0,0.0,0.4692787260227565,1.0,0.5307212739772436,0.40301463303053875,0.8587958726494572,0.4557812396189185,True,True,0.0,True,True,0.0,True,True,0.0,True,True,0.0,0.3333333333333333,0.3333333333333333,0.0,0.3333333333333333,0.3333333333333333,0.0,0.3333333333333333,0.3333333333333333,0.0,0.2,0.2,0.0,0.2,0.2,0.0
bi te br sample screening,0.0,0.0,0.0,0.5307212739772436,0.5307212739772436,0.0,0.3835663673713356,0.5147714448836774,0.13120507751234184,False,False,0.0,True,True,0.0,True,True,0.0,True,True,0.0,0.0,0.0,0.0,0.4,0.2,-0.2,0.4,0.4,0.0,0.2857142857142857,0.2857142857142857,0.0,0.2857142857142857,0.42857142857142855,0.14285714285714285
blade_coater_quasi2d_pbsn_perovskite,1.0,1.0,0.0,0.4692787260227565,0.596170973579556,0.12689224755679945,0.42180386727424835,0.5358589858606038,0.11405511858635542,True,True,0.0,True,True,0.0,True,True,0.0,True,True,0.0,0.3333333333333333,0.3333333333333333,0.0,0.3333333333333333,0.3333333333333333,0.0,0.3333333333333333,0.3333333333333333,0.0,0.25,0.5,0.25,0.25,0.5,0.25
bto-pfm-001,1.0,1.0,0.0,0.4692787260227565,0.5450960508766485,0.07581732485389198,0.4448953383756435,0.5167732491462516,0.07187791077060807,True,True,0.0,True,True,0.0,True,True,0.0,True,True,0.0,0.3333333333333333,0.3333333333333333,0.0,0.3333333333333333,0.3333333333333333,0.0,0.3333333333333333,0.3333333333333333,0.0,0.3333333333333333,0.3333333333333333,0.0,0.3333333333333333,0.3333333333333333,0.0
btx-gel-uvvis-switching,0.0,1.0,1.0,0.0,0.596170973579556,0.596170973579556,0.0,0.46579097037257516,0.46579097037257516,False,True,1.0,False,True,1.0,False,True,1.0,False,True,1.0,0.0,0.25,0.25,0.0,0.25,0.25,0.0,0.25,0.25,0.0,0.25,0.25,0.0,0.25,0.25
c1_thermal_shift_assay,0.0,0.0,0.0,0.0,0.2960819109658653,0.2960819109658653,0.0,0.24110082383082418,0.24110082383082418,False,False,0.0,False,True,1.0,False,True,1.0,False,True,1.0,0.0,0.0,0.0,0.0,0.25,0.25,0.0,0.25,0.25,0.0,0.25,0.25,0.0,0.25,0.25
c_afm_nno_conduction_inhomogeneity,1.0,1.0,0.0,0.4692787260227565,0.4692787260227565,0.0,0.3666495063604039,0.3666495063604039,0.0,True,True,0.0,True,True,0.0,True,True,0.0,True,True,0.0,0.25,0.25,0.0,0.25,0.25,0.0,0.25,0.25,0.0,0.2,0.2,0.0,0.2,0.2,0.0
caTiO3_pe_loops,0.42857142857142855,0.42857142857142855,0.0,0.2322609126342973,0.2709710647400135,0.038710152105716183,0.21843539959401856,0.254841299526355,0.03640589993233642,True,True,0.0,True,True,0.0,True,True,0.0,False,False,0.0,0.0,0.0,0.0,0.0,0.0,0.0,0.0,0.0,0.0,0.3333333333333333,0.3333333333333333,0.0,0.3333333333333333,0.3333333333333333,0.0
ca_hfo2_ferroelectric_test,0.0,1.0,1.0,0.0,0.7988805459902473,0.7988805459902473,0.0,0.6860753156363693,0.6860753156363693,False,True,1.0,False,True,1.0,False,True,1.0,False,True,1.0,0.0,0.3333333333333333,0.3333333333333333,0.0,0.3333333333333333,0.3333333333333333,0.0,0.3333333333333333,0.3333333333333333,0.0,0.16666666666666666,0.16666666666666666,0.0,0.16666666666666666,0.16666666666666666
ca_hfo2_xrd_setup,1.0,1.0,0.0,0.4692787260227565,0.7653606369886218,0.2960819109658653,0.3666495063604039,0.6408005516590828,0.2741510452986789,True,True,0.0,True,True,0.0,True,True,0.0,True,True,0.0,0.25,0.25,0.0,0.25,0.25,0.0,0.25,0.25,0.0,0.2,0.2,0.0,0.2,0.2,0.0
ca_sb2_torque_oscillations,0.0,0.0,0.0,0.0,0.0,0.0,0.0,0.0,0.0,False,False,0.0,False,False,0.0,False,False,0.0,False,False,0.0,0.0,0.0,0.0,0.0,0.0,0.0,0.0,0.0,0.0,0.0,0.0,0.0,0.0,0.0,0.0
caferite_magnetism_local,1.0,0.14285714285714285,-0.8571428571428572,0.6403662530558959,0.45453820448088517,-0.18582804857501073,0.6180299280149257,0.4386836633797978,-0.17934626463512793,True,False,-1.0,True,True,0.0,True,True,0.0,True,True,0.0,0.5,0.0,-0.5,0.5,0.5,0.0,0.5,0.5,0.0,0.5,0.5,0.0,0.5,0.5,0.0
cafm_destripe_method,0.0,0.0,0.0,0.0,0.0,0.0,0.0,0.0,0.0,False,False,0.0,False,False,0.0,False,False,0.0,False,False,0.0,0.0,0.0,0.0,0.0,0.0,0.0,0.0,0.0,0.0,0.0,0.0,0.0,0.0,0.0,0.0
cafm_destriping,1.0,1.0,0.0,1.0,0.4692787260227565,-0.5307212739772436,0.8587958726494572,0.5765835880373428,-0.28221228461211445,True,True,0.0,True,True,0.0,True,True,0.0,True,True,0.0,0.3333333333333333,0.3333333333333333,0.0,0.6666666666666666,0.3333333333333333,-0.3333333333333333,0.6666666666666666,0.6666666666666666,0.0,0.4,0.2,-0.2,0.4,0.4,0.0
cafm_lrr_optimization,0.0,0.0,0.0,0.0,0.0,0.0,0.0,0.0,0.0,False,False,0.0,False,False,0.0,False,False,0.0,False,False,0.0,0.0,0.0,0.0,0.0,0.0,0.0,0.0,0.0,0.0,0.0,0.0,0.0,0.0,0.0,0.0
calb_polycondensation_setup,0.0,0.0,0.0,0.0,0.2960819109658653,0.2960819109658653,0.0,0.2765869860956875,0.2765869860956875,False,False,0.0,False,True,1.0,False,True,1.0,False,True,1.0,0.0,0.0,0.0,0.0,0.14285714285714285,0.14285714285714285,0.0,0.14285714285714285,0.14285714285714285,0.0,0.08333333333333333,0.08333333333333333,0.0,0.16666666666666666,0.16666666666666666
camphoric_acid_polyester_structure_id,0.0,1.0,1.0,0.0,0.5027986350243819,0.5027986350243819,0.0,0.4318013925327201,0.4318013925327201,False,True,1.0,False,True,1.0,False,True,1.0,False,True,1.0,0.0,0.3333333333333333,0.3333333333333333,0.0,0.3333333333333333,0.3333333333333333,0.0,0.3333333333333333,0.3333333333333333,0.0,0.2,0.2,0.0,0.2,0.2
cb-sn3-h2-rfa,1.0,0.0,-1.0,1.0,0.23463936301137825,-0.7653606369886218,0.7435934797653384,0.16958010263680806,-0.5740133771285303,True,False,-1.0,True,True,0.0,True,True,0.0,True,True,0.0,0.2,0.0,-0.2,0.4,0.2,-0.2,0.4,0.2,-0.2,0.5,0.16666666666666666,-0.33333333333333337,0.5,0.16666666666666666,-0.33333333333333337
cbx-rfa-crossed-beam,1.0,0.0,-1.0,0.7462155048864012,0.2960819109658653,-0.4501335939205359,0.6076466218302259,0.24110082383082418,-0.3665457979994017,True,False,-1.0,True,True,0.0,True,True,0.0,True,True,0.0,0.5,0.0,-0.5,0.5,0.0,-0.5,0.5,0.0,-0.5,0.5,0.25,-0.25,0.5,0.25,-0.25
cd-spectrometer-amm-chirality,1.0,1.0,0.0,0.4692787260227565,0.7039180890341348,0.23463936301137828,0.382135764664834,0.573203646997251,0.191067882332417,True,True,0.0,True,True,0.0,True,True,0.0,True,True,0.0,0.25,0.25,0.0,0.25,0.5,0.25,0.25,0.5,0.25,0.25,0.5,0.25,0.25,0.5,0.25
chem202002810_scxrd,1.0,1.0,0.0,0.4692787260227565,0.4692787260227565,0.0,0.3391602052736161,0.3391602052736161,0.0,True,True,0.0,True,True,0.0,True,True,0.0,True,True,0.0,0.2,0.2,0.0,0.2,0.2,0.0,0.2,0.2,0.0,0.16666666666666666,0.16666666666666666,0.0,0.16666666666666666,0.16666666666666666,0.0
chlorosome-2des-setup,1.0,1.0,0.0,0.4692787260227565,0.4692787260227565,0.0,0.3391602052736161,0.3391602052736161,0.0,True,True,0.0,True,True,0.0,True,True,0.0,True,True,0.0,0.25,0.2,-0.04999999999999999,0.25,0.2,-0.04999999999999999,0.25,0.2,-0.04999999999999999,0.125,0.1111111111111111,-0.013888888888888895,0.125,0.1111111111111111,-0.013888888888888895
chlorosome_structure_imaging,1.0,0.0,-1.0,0.5027986350243819,0.04229741585226647,-0.46050121917211545,0.47667357683104655,0.04009967231520499,-0.43657390451584155,True,False,-1.0,True,False,-1.0,True,False,-1.0,True,False,-1.0,0.3333333333333333,0.0,-0.3333333333333333,0.3333333333333333,0.0,-0.3333333333333333,0.3333333333333333,0.0,-0.3333333333333333,0.3333333333333333,0.0,-0.3333333333333333,0.3333333333333333,0.0,-0.3333333333333333
chromatin-labeling-setup,0.0,1.0,1.0,0.0,0.5450960508766485,0.5450960508766485,0.0,0.5151942811405651,0.5151942811405651,False,True,1.0,False,True,1.0,False,True,1.0,False,True,1.0,0.0,1.0,1.0,0.0,1.0,1.0,0.0,1.0,1.0,0.0,0.14285714285714285,0.14285714285714285,0.0,0.14285714285714285,0.14285714285714285
chromatin-srm-method,0.0,1.0,1.0,0.2960819109658653,0.7988805459902473,0.502798635024382,0.21398626473452756,0.7234405487989655,0.5094542840644379,False,True,1.0,True,True,0.0,True,True,0.0,True,True,0.0,0.0,0.3333333333333333,0.3333333333333333,0.0,0.3333333333333333,0.3333333333333333,0.0,0.3333333333333333,0.3333333333333333,0.08333333333333333,0.16666666666666666,0.08333333333333333,0.08333333333333333,0.16666666666666666,0.08333333333333333
cid-uvvis-001,1.0,1.0,0.0,0.7653606369886218,0.7039180890341348,-0.061442547954487,0.5531464700081437,0.6548086577531306,0.10166218774498692,True,True,0.0,True,True,0.0,True,True,0.0,True,True,0.0,0.25,0.25,0.0,0.25,0.5,0.25,0.25,0.75,0.5,0.2222222222222222,0.2222222222222222,0.0,0.2222222222222222,0.3333333333333333,0.1111111111111111
cilia_setup_001,1.0,1.0,0.0,0.4692787260227565,0.4692787260227565,0.0,0.3903800499921017,0.3903800499921017,0.0,True,True,0.0,True,True,0.0,True,True,0.0,True,True,0.0,0.25,0.25,0.0,0.25,0.25,0.0,0.25,0.25,0.0,0.25,0.25,0.0,0.25,0.25,0.0
clsm_perovskite_heterogeneity,0.14285714285714285,0.0,-0.14285714285714285,0.06703981800325093,0.0,-0.06703981800325093,0.057573519004362674,0.15590734214446253,0.09833382314009986,False,False,0.0,False,False,0.0,False,True,1.0,False,False,0.0,0.0,0.0,0.0,0.0,0.0,0.0,0.0,0.3333333333333333,0.3333333333333333,0.0,0.0,0.0,0.0,0.2,0.2
cms-detection-chain,0.0,1.0,1.0,0.2960819109658653,0.4692787260227565,0.17319681505689122,0.38923743011367357,0.3869122764756441,-0.002325153638029487,False,True,1.0,True,True,0.0,True,True,0.0,True,True,0.0,0.0,1.0,1.0,1.0,1.0,0.0,1.0,1.0,0.0,0.2,0.2,0.0,0.4,0.2,-0.2
co-pix-nexams-01,0.0,0.0,0.0,0.23463936301137825,0.23463936301137825,0.0,0.44685352999185624,0.18832368513857117,-0.25852984485328506,False,False,0.0,True,True,0.0,True,True,0.0,True,True,0.0,0.0,0.0,0.0,0.0,0.0,0.0,1.0,0.0,-1.0,0.14285714285714285,0.14285714285714285,0.0,0.42857142857142855,0.14285714285714285,-0.2857142857142857
cognigr1_asic,1.0,0.0,-1.0,0.4692787260227565,0.0,-0.4692787260227565,0.382135764664834,0.0,-0.382135764664834,True,False,-1.0,True,False,-1.0,True,False,-1.0,True,False,-1.0,0.25,0.0,-0.25,0.25,0.0,-0.25,0.25,0.0,-0.25,0.25,0.0,-0.25,0.25,0.0,-0.25
combo-saxs-waxs-dsc-raman-linkam,0.42857142857142855,0.0,-0.42857142857142855,0.435758817021131,0.0,-0.435758817021131,0.31493447632550065,0.0,-0.31493447632550065,True,False,-1.0,True,False,-1.0,True,False,-1.0,True,False,-1.0,0.0,0.0,0.0,0.0,0.0,0.0,0.0,0.0,0.0,0.16666666666666666,0.0,-0.16666666666666666,0.16666666666666666,0.0,-0.16666666666666666
condensate_terahertz,0.42857142857142855,0.0,-0.42857142857142855,0.20111945400975278,0.0,-0.20111945400975278,0.1453543736886926,0.0,-0.1453543736886926,True,False,-1.0,True,False,-1.0,True,False,-1.0,False,False,0.0,0.0,0.0,0.0,0.0,0.0,0.0,0.0,0.0,0.0,0.14285714285714285,0.0,-0.14285714285714285,0.14285714285714285,0.0,-0.14285714285714285
conformer_selection_ims,0.0,0.0,0.0,0.0,0.0,0.0,0.0,0.0,0.0,False,False,0.0,False,False,0.0,False,False,0.0,False,False,0.0,0.0,0.0,0.0,0.0,0.0,0.0,0.0,0.0,0.0,0.0,0.0,0.0,0.0,0.0,0.0
contact-angle-system-wettability,1.0,1.0,0.0,0.4692787260227565,0.4692787260227565,0.0,0.3391602052736161,0.3391602052736161,0.0,True,True,0.0,True,True,0.0,True,True,0.0,True,True,0.0,0.2,0.2,0.0,0.2,0.2,0.0,0.2,0.2,0.0,0.14285714285714285,0.14285714285714285,0.0,0.14285714285714285,0.14285714285714285,0.0
controlled_release_screening,0.0,0.0,0.0,0.2960819109658653,0.23463936301137825,-0.06144254795448703,0.21398626473452756,0.31564845247951445,0.10166218774498689,False,False,0.0,True,True,0.0,True,True,0.0,True,True,0.0,0.0,0.0,0.0,0.0,0.0,0.0,0.0,0.3333333333333333,0.3333333333333333,0.058823529411764705,0.058823529411764705,0.0,0.058823529411764705,0.11764705882352941,0.058823529411764705
cr-ethene-trimerization-xas-epr,1.0,1.0,0.0,0.7988805459902473,0.7039180890341348,-0.0949624569561125,0.7234405487989655,0.5087403079104241,-0.21470024088854134,True,True,0.0,True,True,0.0,True,True,0.0,True,True,0.0,0.16666666666666666,0.16666666666666666,0.0,0.3333333333333333,0.3333333333333333,0.0,0.3333333333333333,0.3333333333333333,0.0,0.2,0.2,0.0,0.3,0.2,-0.09999999999999998
cr_activation_xband_epr,1.0,1.0,0.0,0.7653606369886218,0.4692787260227565,-0.2960819109658653,0.7255930445820784,0.4448953383756435,-0.2806977062064349,True,True,0.0,True,True,0.0,True,True,0.0,True,True,0.0,0.3333333333333333,0.3333333333333333,0.0,0.3333333333333333,0.3333333333333333,0.0,0.3333333333333333,0.3333333333333333,0.0,0.3333333333333333,0.3333333333333333,0.0,0.3333333333333333,0.3333333333333333,0.0
crbr3_nladmr_lockin,1.0,1.0,0.0,0.4692787260227565,0.4692787260227565,0.0,0.4448953383756435,0.49685462460574326,0.051959286230099766,True,True,0.0,True,True,0.0,True,True,0.0,True,True,0.0,0.3333333333333333,0.3333333333333333,0.0,0.3333333333333333,0.3333333333333333,0.0,0.3333333333333333,0.3333333333333333,0.0,0.3333333333333333,0.3333333333333333,0.0,0.3333333333333333,0.3333333333333333,0.0
crenarchaeol-nmr,1.0,1.0,0.0,0.4692787260227565,0.4692787260227565,0.0,0.3391602052736161,0.3391602052736161,0.0,True,True,0.0,True,True,0.0,True,True,0.0,True,True,0.0,0.0,0.14285714285714285,0.14285714285714285,0.0,0.14285714285714285,0.14285714285714285,0.0,0.14285714285714285,0.14285714285714285,0.1111111111111111,0.1111111111111111,0.0,0.1111111111111111,0.1111111111111111,0.0
cryo-tem-c8s3,1.0,1.0,0.0,0.4692787260227565,0.6296908825811814,0.16041215655842495,0.3666495063604039,0.49198022082688975,0.12533071446648586,True,True,0.0,True,True,0.0,True,True,0.0,True,True,0.0,0.3333333333333333,0.3333333333333333,0.0,0.3333333333333333,0.3333333333333333,0.0,0.3333333333333333,0.3333333333333333,0.0,0.125,0.25,0.125,0.125,0.25,0.125
cryo_em_chmp2a_chmp3_tubes,1.0,1.0,0.0,0.4692787260227565,0.7462155048864012,0.2769367788636447,0.3391602052736161,0.539309774301071,0.20014956902745484,True,True,0.0,True,True,0.0,True,True,0.0,True,True,0.0,0.2,0.2,0.0,0.2,0.2,0.0,0.2,0.2,0.0,0.2,0.2,0.0,0.2,0.2,0.0
cryogenic-ion-trap-soft-xray-nexams,1.0,0.0,-1.0,0.4692787260227565,0.1268922475567994,-0.3423864784659571,0.40301463303053875,0.1089745384729925,-0.29404009455754626,True,False,-1.0,True,True,0.0,True,True,0.0,True,False,-1.0,0.3333333333333333,0.0,-0.3333333333333333,0.3333333333333333,0.0,-0.3333333333333333,0.3333333333333333,0.0,-0.3333333333333333,0.2,0.2,0.0,0.2,0.2,0.0
cryotem_micelle_core_imaging,0.0,1.0,1.0,0.2960819109658653,0.4692787260227565,0.17319681505689122,0.2806977062064349,0.4448953383756435,0.16419763216920857,False,True,1.0,True,True,0.0,True,True,0.0,True,True,0.0,0.0,0.3333333333333333,0.3333333333333333,0.3333333333333333,0.3333333333333333,0.0,0.3333333333333333,0.3333333333333333,0.0,0.3333333333333333,0.3333333333333333,0.0,0.3333333333333333,0.3333333333333333,0.0
csnbr3_saxs_gixs,0.42857142857142855,0.42857142857142855,0.0,0.2322609126342973,0.3788012330069363,0.146540320372639,0.19519690212077423,0.31835243547374625,0.12315553335297202,True,True,0.0,True,True,0.0,True,True,0.0,False,False,0.0,0.0,0.0,0.0,0.0,0.0,0.0,0.0,0.0,0.0,0.2,0.4,0.2,0.2,0.4,0.2
ctocd-dz-sysmo,0.14285714285714285,0.14285714285714285,0.0,0.06703981800325093,0.06703981800325093,0.0,0.05237850090862913,0.05237850090862913,0.0,False,False,0.0,False,False,0.0,False,False,0.0,False,False,0.0,0.0,0.0,0.0,0.0,0.0,0.0,0.0,0.0,0.0,0.0,0.0,0.0,0.0,0.0,0.0
cu2oseo3_absolute_structure,1.0,1.0,0.0,0.4692787260227565,1.0,0.5307212739772436,0.3391602052736161,0.7227265726449517,0.38356636737133554,True,True,0.0,True,True,0.0,True,True,0.0,True,True,0.0,0.16666666666666666,0.16666666666666666,0.0,0.16666666666666666,0.3333333333333333,0.16666666666666666,0.16666666666666666,0.3333333333333333,0.16666666666666666,0.14285714285714285,0.2857142857142857,0.14285714285714285,0.14285714285714285,0.2857142857142857,0.14285714285714285
cuaac-operando-xas,1.0,1.0,0.0,0.4692787260227565,0.4692787260227565,0.0,0.3391602052736161,0.3391602052736161,0.0,True,True,0.0,True,True,0.0,True,True,0.0,True,True,0.0,0.16666666666666666,0.16666666666666666,0.0,0.16666666666666666,0.16666666666666666,0.0,0.16666666666666666,0.16666666666666666,0.0,0.1,0.1,0.0,0.1,0.1,0.0
cui-kpfm-01,1.0,1.0,0.0,0.4692787260227565,0.7653606369886218,0.2960819109658653,0.3391602052736161,0.5531464700081437,0.21398626473452753,True,True,0.0,True,True,0.0,True,True,0.0,True,True,0.0,0.2,0.2,0.0,0.2,0.2,0.0,0.2,0.2,0.0,0.14285714285714285,0.14285714285714285,0.0,0.14285714285714285,0.14285714285714285,0.0
cv-potentiostat,1.0,1.0,0.0,0.541942129480027,0.541942129480027,0.0,0.47960346638230267,0.47960346638230267,0.0,True,True,0.0,True,True,0.0,True,True,0.0,True,True,0.0,0.5,0.5,0.0,0.5,0.5,0.0,0.5,0.5,0.0,0.25,0.25,0.0,0.25,0.25,0.0
cx_tof_spectrometer,0.0,0.0,0.0,0.0,0.23463936301137825,0.23463936301137825,0.0,0.191067882332417,0.191067882332417,False,False,0.0,False,True,1.0,False,True,1.0,False,True,1.0,0.0,0.0,0.0,0.0,0.5,0.5,0.0,0.5,0.5,0.0,0.25,0.25,0.0,0.25,0.25
cytc_ssnmr_setup,1.0,1.0,0.0,0.4692787260227565,0.596170973579556,0.12689224755679945,0.3666495063604039,0.46579097037257516,0.09914146401217128,True,True,0.0,True,True,0.0,True,True,0.0,True,True,0.0,0.25,0.25,0.0,0.25,0.25,0.0,0.25,0.25,0.0,0.16666666666666666,0.3333333333333333,0.16666666666666666,0.16666666666666666,0.3333333333333333,0.16666666666666666
d0ta10277f_giwaxs,1.0,1.0,0.0,0.511576141875023,0.511576141875023,0.0,0.43933947918820293,0.43933947918820293,0.0,True,True,0.0,True,True,0.0,True,True,0.0,True,True,0.0,0.3333333333333333,0.3333333333333333,0.0,0.3333333333333333,0.3333333333333333,0.0,0.3333333333333333,0.3333333333333333,0.0,0.2,0.2,0.0,0.2,0.2,0.0
d1nh00514f_tcspp,0.0,1.0,1.0,0.0,0.4692787260227565,0.4692787260227565,0.0,0.42180386727424835,0.42180386727424835,False,True,1.0,False,True,1.0,False,True,1.0,False,True,1.0,0.0,0.3333333333333333,0.3333333333333333,0.0,0.3333333333333333,0.3333333333333333,0.0,0.3333333333333333,0.3333333333333333,0.0,0.25,0.25,0.0,0.25,0.25
d2sm00088a-dls-setup,1.0,1.0,0.0,0.4692787260227565,0.4692787260227565,0.0,0.3391602052736161,0.3391602052736161,0.0,True,True,0.0,True,True,0.0,True,True,0.0,True,True,0.0,0.2,0.2,0.0,0.2,0.2,0.0,0.2,0.2,0.0,0.125,0.125,0.0,0.125,0.125,0.0
d4nr01524j_tpd,0.0,0.0,0.0,0.0,0.2960819109658653,0.2960819109658653,0.0,0.26221943716015406,0.26221943716015406,False,False,0.0,False,True,1.0,False,True,1.0,False,True,1.0,0.0,0.0,0.0,0.0,0.25,0.25,0.0,0.25,0.25,0.0,0.25,0.25,0.0,0.25,0.25
d4tb02760d_dls_gpm,1.0,1.0,0.0,0.4692787260227565,0.4692787260227565,0.0,0.42180386727424835,0.42180386727424835,0.0,True,True,0.0,True,True,0.0,True,True,0.0,True,True,0.0,0.3333333333333333,0.3333333333333333,0.0,0.3333333333333333,0.3333333333333333,0.0,0.3333333333333333,0.3333333333333333,0.0,0.25,0.25,0.0,0.25,0.25,0.0
d5lc00186b-eq1,1.0,0.0,-1.0,0.4692787260227565,0.0,-0.4692787260227565,0.45610970846684606,0.0,-0.45610970846684606,True,False,-1.0,True,False,-1.0,True,False,-1.0,True,False,-1.0,0.3333333333333333,0.0,-0.3333333333333333,0.3333333333333333,0.0,-0.3333333333333333,0.3333333333333333,0.0,-0.3333333333333333,0.3333333333333333,0.0,-0.3333333333333333,0.3333333333333333,0.0,-0.3333333333333333
deflector-tds-001,1.0,1.0,0.0,0.4692787260227565,0.4692787260227565,0.0,0.3391602052736161,0.3391602052736161,0.0,True,True,0.0,True,True,0.0,True,True,0.0,True,True,0.0,0.2,0.2,0.0,0.2,0.2,0.0,0.2,0.2,0.0,0.16666666666666666,0.16666666666666666,0.0,0.16666666666666666,0.16666666666666666,0.0
dlp-printer-setup-01,1.0,1.0,0.0,0.4692787260227565,0.4692787260227565,0.0,0.45610970846684606,0.45610970846684606,0.0,True,True,0.0,True,True,0.0,True,True,0.0,True,True,0.0,0.3333333333333333,0.3333333333333333,0.0,0.3333333333333333,0.3333333333333333,0.0,0.3333333333333333,0.3333333333333333,0.0,0.3333333333333333,0.3333333333333333,0.0,0.3333333333333333,0.3333333333333333,0.0
dma_setup_compleximers,0.42857142857142855,0.42857142857142855,0.0,0.20111945400975278,0.20111945400975278,0.0,0.17272055701308803,0.17272055701308803,0.0,True,True,0.0,True,True,0.0,True,True,0.0,False,False,0.0,0.0,0.0,0.0,0.0,0.0,0.0,0.0,0.0,0.0,0.1111111111111111,0.1111111111111111,0.0,0.1111111111111111,0.1111111111111111,0.0
dna_ionization_setup,1.0,1.0,0.0,0.511576141875023,0.7039180890341348,0.1923419471591118,0.5157980215069693,0.5296072150308109,0.013809193523841579,True,True,0.0,True,True,0.0,True,True,0.0,True,True,0.0,0.0,0.3333333333333333,0.3333333333333333,0.0,0.3333333333333333,0.3333333333333333,0.3333333333333333,0.3333333333333333,0.0,0.08333333333333333,0.16666666666666666,0.08333333333333333,0.16666666666666666,0.16666666666666666,0.0
dnajb6b-blot-imager,1.0,0.42857142857142855,-0.5714285714285714,0.541942129480027,0.2709710647400135,-0.2709710647400135,0.47960346638230267,0.23980173319115133,-0.23980173319115133,True,True,0.0,True,True,0.0,True,True,0.0,True,False,-1.0,0.5,0.0,-0.5,0.5,0.0,-0.5,0.5,0.0,-0.5,0.25,0.25,0.0,0.25,0.25,0.0
dpe-osc-giwaxs,1.0,1.0,0.0,0.7653606369886218,0.4692787260227565,-0.2960819109658653,0.6232365884956582,0.5467126805074288,-0.07652390798822939,True,True,0.0,True,True,0.0,True,True,0.0,True,True,0.0,0.25,0.25,0.0,0.25,0.25,0.0,0.25,0.25,0.0,0.25,0.25,0.0,0.25,0.25,0.0
dsc-tg-pml-plla,1.0,1.0,0.0,0.4692787260227565,1.0,0.5307212739772436,0.3391602052736161,0.7227265726449517,0.38356636737133554,True,True,0.0,True,True,0.0,True,True,0.0,True,True,0.0,0.2,0.2,0.0,0.2,0.4,0.2,0.2,0.4,0.2,0.2,0.4,0.2,0.2,0.4,0.2
dsc_tg_counterion_polyelectrolyte,1.0,1.0,0.0,0.7653606369886218,0.7988805459902473,0.03351990900162549,0.5531464700081437,0.7234405487989655,0.1702940787908218,True,True,0.0,True,True,0.0,True,True,0.0,True,True,0.0,0.16666666666666666,0.16666666666666666,0.0,0.3333333333333333,0.3333333333333333,0.0,0.3333333333333333,0.3333333333333333,0.0,0.2857142857142857,0.2857142857142857,0.0,0.2857142857142857,0.2857142857142857,0.0
dsza_qm_mm_setup,1.0,0.0,-1.0,0.4692787260227565,0.0,-0.4692787260227565,0.3391602052736161,0.0,-0.3391602052736161,True,False,-1.0,True,False,-1.0,True,False,-1.0,True,False,-1.0,0.0,0.0,0.0,0.0,0.0,0.0,0.0,0.0,0.0,0.16666666666666666,0.0,-0.16666666666666666,0.16666666666666666,0.0,-0.16666666666666666
dvs-realworld-setup,1.0,0.0,-1.0,0.4692787260227565,0.23463936301137825,-0.23463936301137825,0.3391602052736161,0.16958010263680806,-0.16958010263680806,True,False,-1.0,True,True,0.0,True,True,0.0,True,True,0.0,0.16666666666666666,0.0,-0.16666666666666666,0.16666666666666666,0.16666666666666666,0.0,0.16666666666666666,0.16666666666666666,0.0,0.16666666666666666,0.16666666666666666,0.0,0.16666666666666666,0.16666666666666666,0.0
dyfeo3_xrd,1.0,1.0,0.0,0.7653606369886218,0.511576141875023,-0.2537844951135988,0.5979795890554701,0.39969666103112766,-0.19828292802434244,True,True,0.0,True,True,0.0,True,True,0.0,True,True,0.0,0.25,0.25,0.0,0.25,0.25,0.0,0.25,0.25,0.0,0.16666666666666666,0.16666666666666666,0.0,0.16666666666666666,0.16666666666666666,0.0
eSER-ternary-aer-protocol,1.0,1.0,0.0,0.7653606369886218,0.7653606369886218,0.0,0.5979795890554701,0.5979795890554701,0.0,True,True,0.0,True,True,0.0,True,True,0.0,True,True,0.0,0.25,0.25,0.0,0.5,0.5,0.0,0.5,0.5,0.0,0.4,0.4,0.0,0.4,0.4,0.0
e_nose_direction_decode,1.0,0.0,-1.0,0.4692787260227565,0.0,-0.4692787260227565,0.382135764664834,0.0,-0.382135764664834,True,False,-1.0,True,False,-1.0,True,False,-1.0,True,False,-1.0,0.25,0.0,-0.25,0.25,0.0,-0.25,0.25,0.0,-0.25,0.25,0.0,-0.25,0.25,0.0,-0.25
ebit-euv-spectrometer,0.0,1.0,1.0,0.2960819109658653,0.4692787260227565,0.17319681505689122,0.24110082383082418,0.382135764664834,0.14103494083400983,False,True,1.0,True,True,0.0,True,True,0.0,True,True,0.0,0.0,0.25,0.25,0.25,0.25,0.0,0.25,0.25,0.0,0.25,0.25,0.0,0.25,0.25,0.0
ebl-yig-py-device-fab,0.14285714285714285,1.0,0.8571428571428572,0.08391719931063304,0.5874203951744313,0.5035031958637983,0.08391719931063304,0.5874203951744313,0.5035031958637983,False,True,1.0,False,True,1.0,False,True,1.0,False,True,1.0,0.0,0.5,0.5,0.0,0.5,0.5,0.0,0.5,0.5,0.0,0.5,0.5,0.0,0.5,0.5
ebsd-quartz-thin-films,1.0,1.0,0.0,0.7039180890341348,0.511576141875023,-0.1923419471591118,0.5499742595406059,0.4199594311463678,-0.13001482839423806,True,True,0.0,True,True,0.0,True,True,0.0,True,True,0.0,0.5,0.5,0.0,0.5,0.5,0.0,0.5,0.5,0.0,0.3333333333333333,0.16666666666666666,-0.16666666666666666,0.3333333333333333,0.16666666666666666,-0.16666666666666666
ecr-ion-source-for-sn-beam,0.14285714285714285,1.0,0.8571428571428572,0.08391719931063304,0.6823248527112125,0.5984076534005794,0.08391719931063304,0.6823248527112125,0.5984076534005794,False,True,1.0,False,True,1.0,False,True,1.0,False,True,1.0,0.0,0.5,0.5,0.0,0.5,0.5,0.0,0.5,0.5,0.0,0.5,0.5,0.0,0.5,0.5
ed_biorob_control_platform,1.0,0.14285714285714285,-0.8571428571428572,0.4692787260227565,0.06703981800325093,-0.40223890801950557,0.3666495063604039,0.05237850090862913,-0.3142710054517748,True,False,-1.0,True,False,-1.0,True,False,-1.0,True,False,-1.0,0.25,0.0,-0.25,0.25,0.0,-0.25,0.25,0.0,-0.25,0.2,0.0,-0.2,0.2,0.0,-0.2
eg-dielectric-relaxation,1.0,1.0,0.0,0.511576141875023,0.7653606369886218,0.2537844951135988,0.39969666103112766,0.5979795890554701,0.19828292802434244,True,True,0.0,True,True,0.0,True,True,0.0,True,True,0.0,0.25,0.25,0.0,0.25,0.5,0.25,0.25,0.5,0.25,0.16666666666666666,0.3333333333333333,0.16666666666666666,0.16666666666666666,0.3333333333333333,0.16666666666666666
eis-proton-membrane,0.0,0.0,0.0,0.1268922475567994,0.0,-0.1268922475567994,0.09914146401217121,0.0,-0.09914146401217121,False,False,0.0,True,False,-1.0,True,False,-1.0,False,False,0.0,0.0,0.0,0.0,0.0,0.0,0.0,0.0,0.0,0.0,0.16666666666666666,0.0,-0.16666666666666666,0.16666666666666666,0.0,-0.16666666666666666
eis_conductivity_cell,0.0,1.0,1.0,0.0,0.7653606369886218,0.7653606369886218,0.0,0.5531464700081437,0.5531464700081437,False,True,1.0,False,True,1.0,False,True,1.0,False,True,1.0,0.0,0.0,0.0,0.0,0.3333333333333333,0.3333333333333333,0.0,0.3333333333333333,0.3333333333333333,0.0,0.2222222222222222,0.2222222222222222,0.0,0.2222222222222222,0.2222222222222222
eis_pa_conductivity,0.0,1.0,1.0,0.0,0.4692787260227565,0.4692787260227565,0.0,0.3892076988487764,0.3892076988487764,False,True,1.0,False,True,1.0,False,True,1.0,False,True,1.0,0.0,0.3333333333333333,0.3333333333333333,0.0,0.3333333333333333,0.3333333333333333,0.0,0.3333333333333333,0.3333333333333333,0.0,0.16666666666666666,0.16666666666666666,0.0,0.16666666666666666,0.16666666666666666
eit-lpp-euv-spectrometer,1.0,0.42857142857142855,-0.5714285714285714,0.7988805459902473,0.24341686986201927,-0.555463676128228,0.5773721989562591,0.17592384007933942,-0.4014483588769197,True,True,0.0,True,True,0.0,True,True,0.0,True,False,-1.0,0.3333333333333333,0.0,-0.3333333333333333,0.3333333333333333,0.0,-0.3333333333333333,0.3333333333333333,0.0,-0.3333333333333333,0.2857142857142857,0.14285714285714285,-0.14285714285714285,0.2857142857142857,0.14285714285714285,-0.14285714285714285
el_polarization_measurement_setup,0.0,0.0,0.0,0.0,0.0,0.0,0.0,0.14606834984270645,0.14606834984270645,False,False,0.0,False,False,0.0,False,True,1.0,False,False,0.0,0.0,0.0,0.0,0.0,0.0,0.0,0.0,0.2,0.2,0.0,0.0,0.0,0.0,0.14285714285714285,0.14285714285714285
ellipsometer-vuv-ir-vase,1.0,1.0,0.0,0.511576141875023,0.7653606369886218,0.2537844951135988,0.3697296716642629,0.5718900525099068,0.20216038084564386,True,True,0.0,True,True,0.0,True,True,0.0,True,True,0.0,0.0,0.0,0.0,0.0,0.25,0.25,0.0,0.25,0.25,0.125,0.25,0.125,0.125,0.25,0.125
ellipsometer_low_freq_optical_props,1.0,0.0,-1.0,0.4692787260227565,0.2960819109658653,-0.17319681505689122,0.3391602052736161,0.21398626473452756,-0.12517394053908856,True,False,-1.0,True,True,0.0,True,True,0.0,True,True,0.0,0.2,0.0,-0.2,0.2,0.2,0.0,0.2,0.2,0.0,0.14285714285714285,0.14285714285714285,0.0,0.14285714285714285,0.14285714285714285,0.0
ellipsometry_casimir_materials,1.0,1.0,0.0,0.511576141875023,0.4692787260227565,-0.042297415852266484,0.3697296716642629,0.36002711239400276,-0.009702559270260147,True,True,0.0,True,True,0.0,True,True,0.0,True,True,0.0,0.25,0.25,0.0,0.25,0.25,0.0,0.25,0.25,0.0,0.125,0.125,0.0,0.125,0.125,0.0
epr_odmr_v_sic,0.0,1.0,1.0,0.23463936301137825,0.4692787260227565,0.23463936301137825,0.16958010263680806,0.3391602052736161,0.16958010263680806,False,True,1.0,True,True,0.0,True,True,0.0,True,True,0.0,0.0,0.3333333333333333,0.3333333333333333,0.3333333333333333,0.3333333333333333,0.0,0.3333333333333333,0.3333333333333333,0.0,0.09090909090909091,0.09090909090909091,0.0,0.09090909090909091,0.09090909090909091,0.0
eq-lockin-harmonic-nonlocal-spin,1.0,1.0,0.0,0.5027986350243819,0.511576141875023,0.008777506850641048,0.4519327149366947,0.6229982502937959,0.17106553535710117,True,True,0.0,True,True,0.0,True,True,0.0,True,True,0.0,0.3333333333333333,0.3333333333333333,0.0,0.3333333333333333,0.3333333333333333,0.0,0.3333333333333333,0.6666666666666666,0.3333333333333333,0.25,0.25,0.0,0.25,0.5,0.25
eq-orientation-analysis,1.0,1.0,0.0,0.5874203951744313,0.9580414003446834,0.3706210051702521,0.5874203951744313,0.9580414003446834,0.3706210051702521,True,True,0.0,True,True,0.0,True,True,0.0,True,True,0.0,1.0,1.0,0.0,1.0,1.0,0.0,1.0,1.0,0.0,0.5,1.0,0.5,0.5,1.0,0.5
eq1,0.0,0.0,0.0,0.0,0.0,0.0,0.0,0.0,0.0,False,False,0.0,False,False,0.0,False,False,0.0,False,False,0.0,0.0,0.0,0.0,0.0,0.0,0.0,0.0,0.0,0.0,0.0,0.0,0.0,0.0,0.0,0.0
eq1_fl_imaging,1.0,1.0,0.0,0.5874203951744313,0.9580414003446834,0.3706210051702521,0.5669308506056828,0.9246243924703831,0.35769354186470026,True,True,0.0,True,True,0.0,True,True,0.0,True,True,0.0,0.5,0.5,0.0,0.5,0.5,0.0,0.5,0.5,0.0,0.5,0.5,0.0,0.5,0.5,0.0
eq1_xrd_wash_salt_removal,1.0,1.0,0.0,0.7653606369886218,0.4692787260227565,-0.2960819109658653,0.5531464700081437,0.3391602052736161,-0.21398626473452753,True,True,0.0,True,True,0.0,True,True,0.0,True,True,0.0,0.2,0.2,0.0,0.2,0.2,0.0,0.2,0.2,0.0,0.16666666666666666,0.16666666666666666,0.0,0.16666666666666666,0.16666666666666666,0.0
eq_001,1.0,0.0,-1.0,0.4692787260227565,0.3296018199674907,-0.13967690605526578,0.3391602052736161,0.23821199368264298,-0.10094821159097314,True,False,-1.0,True,True,0.0,True,True,0.0,True,True,0.0,0.25,0.0,-0.25,0.25,0.25,0.0,0.25,0.25,0.0,0.14285714285714285,0.14285714285714285,0.0,0.14285714285714285,0.14285714285714285,0.0
eq_2dir_setup,0.0,0.0,0.0,0.0,0.0,0.0,0.0,0.0,0.0,False,False,0.0,False,False,0.0,False,False,0.0,False,False,0.0,0.0,0.0,0.0,0.0,0.0,0.0,0.0,0.0,0.0,0.0,0.0,0.0,0.0,0.0,0.0
eq_chip_readout_setup,1.0,1.0,0.0,0.4692787260227565,1.0,0.5307212739772436,0.3391602052736161,0.7227265726449517,0.38356636737133554,True,True,0.0,True,True,0.0,True,True,0.0,True,True,0.0,0.0,0.3333333333333333,0.3333333333333333,0.0,0.6666666666666666,0.6666666666666666,0.0,0.6666666666666666,0.6666666666666666,0.16666666666666666,0.5,0.33333333333333337,0.16666666666666666,0.5,0.33333333333333337
eq_cilia_rheometer,1.0,1.0,0.0,0.4692787260227565,0.7039180890341348,0.23463936301137828,0.3666495063604039,0.5499742595406059,0.18332475318020197,True,True,0.0,True,True,0.0,True,True,0.0,True,True,0.0,0.3333333333333333,0.3333333333333333,0.0,0.3333333333333333,0.6666666666666666,0.3333333333333333,0.3333333333333333,0.6666666666666666,0.3333333333333333,0.16666666666666666,0.3333333333333333,0.16666666666666666,0.16666666666666666,0.3333333333333333,0.16666666666666666
eq_cpafm_afm,1.0,1.0,0.0,0.4692787260227565,0.7653606369886218,0.2960819109658653,0.40301463303053875,0.731675251137104,0.3286606181065652,True,True,0.0,True,True,0.0,True,True,0.0,True,True,0.0,0.0,0.0,0.0,0.0,1.0,1.0,0.0,1.0,1.0,0.2,0.4,0.2,0.2,0.6,0.39999999999999997
eq_fet_transport,0.0,1.0,1.0,0.0,0.8124242481930318,0.8124242481930318,0.0,0.8124242481930318,0.8124242481930318,False,True,1.0,False,True,1.0,False,True,1.0,False,True,1.0,0.0,1.0,1.0,0.0,1.0,1.0,0.0,1.0,1.0,0.0,0.5,0.5,0.0,0.5,0.5
eq_giwaxs_perovskite_reconstruction,1.0,0.14285714285714285,-0.8571428571428572,0.4692787260227565,0.3631217289691162,-0.10615699705364029,0.42180386727424835,0.3263863053597219,-0.09541756191452644,True,False,-1.0,True,True,0.0,True,True,0.0,True,True,0.0,0.5,0.0,-0.5,0.5,0.5,0.0,0.5,0.5,0.0,0.25,0.25,0.0,0.25,0.25,0.0
eq_nmr_119sn,1.0,1.0,0.0,0.4692787260227565,0.511576141875023,0.042297415852266484,0.3391602052736161,0.3697296716642629,0.030569466390646782,True,True,0.0,True,True,0.0,True,True,0.0,True,True,0.0,0.16666666666666666,0.16666666666666666,0.0,0.16666666666666666,0.16666666666666666,0.0,0.16666666666666666,0.16666666666666666,0.0,0.1,0.1,0.0,0.1,0.1,0.0
eq_raman_mapping_gradient,0.0,0.0,0.0,0.0,0.0,0.0,0.0,0.1579073474186074,0.1579073474186074,False,False,0.0,False,False,0.0,False,True,1.0,False,False,0.0,0.0,0.0,0.0,0.0,0.0,0.0,0.0,0.25,0.25,0.0,0.0,0.0,0.0,0.2,0.2
eq_sbt23_growth_method_setup,1.0,1.0,0.0,0.7653606369886218,0.7653606369886218,0.0,0.5531464700081437,0.5531464700081437,0.0,True,True,0.0,True,True,0.0,True,True,0.0,True,True,0.0,0.14285714285714285,0.14285714285714285,0.0,0.2857142857142857,0.2857142857142857,0.0,0.2857142857142857,0.2857142857142857,0.0,0.2222222222222222,0.2222222222222222,0.0,0.2222222222222222,0.2222222222222222,0.0
eq_setup_001,0.14285714285714285,1.0,0.8571428571428572,0.06703981800325093,0.7653606369886218,0.6983208189853709,0.04845145789623087,0.7255930445820784,0.6771415866858476,False,True,1.0,False,True,1.0,False,True,1.0,False,True,1.0,0.0,0.3333333333333333,0.3333333333333333,0.0,0.3333333333333333,0.3333333333333333,0.0,0.3333333333333333,0.3333333333333333,0.0,0.3333333333333333,0.3333333333333333,0.0,0.3333333333333333,0.3333333333333333
eq_setup_adhesion_001,0.0,0.0,0.0,0.0,0.0,0.0,0.0,0.0,0.0,False,False,0.0,False,False,0.0,False,False,0.0,False,False,0.0,0.0,0.0,0.0,0.0,0.0,0.0,0.0,0.0,0.0,0.0,0.0,0.0,0.0,0.0,0.0
eq_setup_pl_epr_giwaxs,1.0,1.0,0.0,0.7653606369886218,0.4692787260227565,-0.2960819109658653,0.5531464700081437,0.3391602052736161,-0.21398626473452753,True,True,0.0,True,True,0.0,True,True,0.0,True,True,0.0,0.0,0.5,0.5,0.5,0.5,0.0,0.5,0.5,0.0,0.2,0.1,-0.1,0.2,0.1,-0.1
eq_setup_sans_magnet,1.0,1.0,0.0,0.4692787260227565,0.4692787260227565,0.0,0.3391602052736161,0.4852285551163225,0.1460683498427064,True,True,0.0,True,True,0.0,True,True,0.0,True,True,0.0,0.2,0.2,0.0,0.2,0.2,0.0,0.2,0.2,0.0,0.14285714285714285,0.14285714285714285,0.0,0.14285714285714285,0.14285714285714285,0.0
eq_sqid_crsbr,0.42857142857142855,1.0,0.5714285714285714,0.49720136497561807,0.6967307005844323,0.19952933560881425,0.44690169600950713,0.6262455288479427,0.17934383283843558,True,True,0.0,True,True,0.0,True,True,0.0,True,True,0.0,0.0,0.3333333333333333,0.3333333333333333,0.3333333333333333,0.3333333333333333,0.0,0.3333333333333333,0.3333333333333333,0.0,0.5,0.5,0.0,0.5,0.5,0.0
eq_stem_lsmofilm_interface,1.0,1.0,0.0,1.0,0.7039180890341348,-0.2960819109658652,0.8143044708280752,0.573203646997251,-0.2411008238308242,True,True,0.0,True,True,0.0,True,True,0.0,True,True,0.0,0.25,0.25,0.0,0.75,0.5,-0.25,0.75,0.5,-0.25,0.75,0.5,-0.25,0.75,0.5,-0.25
eq_tandem_ms_vuv_photodissociation,1.0,1.0,0.0,1.0,0.7039180890341348,-0.2960819109658652,0.8539316501572934,0.6548086577531306,-0.19912299240416287,True,True,0.0,True,True,0.0,True,True,0.0,True,True,0.0,0.3333333333333333,0.3333333333333333,0.0,0.6666666666666666,0.3333333333333333,-0.3333333333333333,0.6666666666666666,0.6666666666666666,0.0,0.25,0.08333333333333333,-0.16666666666666669,0.25,0.16666666666666666,-0.08333333333333334
eq_trpl_streak_camera,0.0,0.0,0.0,0.2960819109658653,0.0,-0.2960819109658653,0.23133008269506616,0.21869565776432787,-0.012634424930738297,False,False,0.0,True,False,-1.0,True,True,0.0,True,False,-1.0,0.0,0.0,0.0,0.25,0.0,-0.25,0.25,0.25,0.0,0.16666666666666666,0.0,-0.16666666666666666,0.16666666666666666,0.3333333333333333,0.16666666666666666
eq_underwater_adhesion_setup,0.14285714285714285,0.42857142857142855,0.2857142857142857,0.06703981800325093,0.20111945400975278,0.13407963600650186,0.057573519004362674,0.17272055701308803,0.11514703800872536,False,True,1.0,False,True,1.0,False,True,1.0,False,False,0.0,0.0,0.0,0.0,0.0,0.0,0.0,0.0,0.0,0.0,0.0,0.16666666666666666,0.16666666666666666,0.0,0.16666666666666666,0.16666666666666666
eqe-bilayer-exciton-diffusion,0.0,0.0,0.0,0.0,0.04229741585226647,0.04229741585226647,0.0,0.034442974832974885,0.034442974832974885,False,False,0.0,False,False,0.0,False,False,0.0,False,False,0.0,0.0,0.0,0.0,0.0,0.0,0.0,0.0,0.0,0.0,0.0,0.0,0.0,0.0,0.0,0.0
eqe-ftir-001,0.0,1.0,1.0,0.0,0.7452525342261976,0.7452525342261976,0.0,0.7452525342261976,0.7452525342261976,False,True,1.0,False,True,1.0,False,True,1.0,False,True,1.0,0.0,1.0,1.0,0.0,1.0,1.0,0.0,1.0,1.0,0.0,0.5,0.5,0.0,0.5,0.5
eqe-setup,1.0,1.0,0.0,0.4692787260227565,0.4692787260227565,0.0,0.40301463303053875,0.40301463303053875,0.0,True,True,0.0,True,True,0.0,True,True,0.0,True,True,0.0,0.3333333333333333,0.3333333333333333,0.0,0.3333333333333333,0.3333333333333333,0.0,0.3333333333333333,0.3333333333333333,0.0,0.2,0.2,0.0,0.2,0.2,0.0
equip_gisaxs_giwaxs_pedot_snox,1.0,1.0,0.0,0.7653606369886218,1.0,0.23463936301137822,0.5531464700081437,0.8687949224876581,0.31564845247951445,True,True,0.0,True,True,0.0,True,True,0.0,True,True,0.0,1.0,1.0,0.0,1.0,1.0,0.0,1.0,1.0,0.0,0.125,0.25,0.125,0.125,0.25,0.125
equip_ppms_vanderpauw_transport,0.42857142857142855,0.0,-0.42857142857142855,0.28110768609184367,0.0,-0.28110768609184367,0.24877235657193017,0.02950771002022834,-0.21926464655170183,True,False,-1.0,True,False,-1.0,True,False,-1.0,False,False,0.0,0.0,0.0,0.0,0.0,0.0,0.0,0.0,0.0,0.0,0.25,0.0,-0.25,0.25,0.0,-0.25
equip_xrd_cuponb2o6_phase,1.0,1.0,0.0,0.4692787260227565,0.4692787260227565,0.0,0.3391602052736161,0.3391602052736161,0.0,True,True,0.0,True,True,0.0,True,True,0.0,True,True,0.0,0.25,0.25,0.0,0.25,0.25,0.0,0.25,0.25,0.0,0.14285714285714285,0.14285714285714285,0.0,0.14285714285714285,0.14285714285714285,0.0
equipment-adhesion-setup,1.0,1.0,0.0,0.511576141875023,0.4692787260227565,-0.042297415852266484,0.3697296716642629,0.3391602052736161,-0.030569466390646782,True,True,0.0,True,True,0.0,True,True,0.0,True,True,0.0,0.3333333333333333,0.3333333333333333,0.0,0.3333333333333333,0.3333333333333333,0.0,0.3333333333333333,0.3333333333333333,0.0,0.16666666666666666,0.16666666666666666,0.0,0.16666666666666666,0.16666666666666666,0.0
esa_tof_crosscalibration,1.0,1.0,0.0,1.0,1.0,0.0,0.7227265726449517,0.7227265726449517,0.0,True,True,0.0,True,True,0.0,True,True,0.0,True,True,0.0,0.14285714285714285,0.14285714285714285,0.0,0.42857142857142855,0.2857142857142857,-0.14285714285714285,0.42857142857142855,0.2857142857142857,-0.14285714285714285,0.3,0.2,-0.09999999999999998,0.3,0.2,-0.09999999999999998
escrt_tube_pull_setup,1.0,1.0,0.0,0.7462155048864012,0.5027986350243819,-0.24341686986201927,0.6019104956622309,0.42598665558289145,-0.17592384007933942,True,True,0.0,True,True,0.0,True,True,0.0,True,True,0.0,0.5,0.5,0.0,0.5,0.5,0.0,0.5,0.5,0.0,0.2857142857142857,0.14285714285714285,-0.14285714285714285,0.42857142857142855,0.2857142857142857,-0.14285714285714285
etlp_fpga,1.0,1.0,0.0,0.4692787260227565,0.4692787260227565,0.0,0.3666495063604039,0.3892076988487764,0.022558192488372486,True,True,0.0,True,True,0.0,True,True,0.0,True,True,0.0,0.5,0.5,0.0,0.5,0.5,0.0,0.5,0.5,0.0,0.2,0.2,0.0,0.2,0.2,0.0
euv-spectrometer-setup,0.0,0.42857142857142855,0.42857142857142855,0.04811027987356989,0.28866167924141933,0.24055139936784944,0.04619592359520199,0.277175541571212,0.23097961797601,False,True,1.0,False,True,1.0,False,True,1.0,False,False,0.0,0.0,0.0,0.0,0.0,0.0,0.0,0.0,0.0,0.0,0.0,0.3333333333333333,0.3333333333333333,0.0,0.3333333333333333,0.3333333333333333
euv_spectrometer_setup,0.0,0.0,0.0,0.0,0.0,0.0,0.0,0.0,0.0,False,False,0.0,False,False,0.0,False,False,0.0,False,False,0.0,0.0,0.0,0.0,0.0,0.0,0.0,0.0,0.0,0.0,0.0,0.0,0.0,0.0,0.0,0.0
euv_tin_plasma_spectroscopy,1.0,1.0,0.0,1.0,0.7039180890341348,-0.2960819109658652,0.7227265726449517,0.5087403079104241,-0.21398626473452753,True,True,0.0,True,True,0.0,True,True,0.0,True,True,0.0,0.0,0.3333333333333333,0.3333333333333333,0.6666666666666666,0.3333333333333333,-0.3333333333333333,0.6666666666666666,0.3333333333333333,-0.3333333333333333,0.5,0.3333333333333333,-0.16666666666666669,0.5,0.3333333333333333,-0.16666666666666669
evap_au_contacts,0.0,1.0,1.0,0.0,0.6296908825811814,0.6296908825811814,0.0,0.5407759310057126,0.5407759310057126,False,True,1.0,False,True,1.0,False,True,1.0,False,True,1.0,0.0,0.3333333333333333,0.3333333333333333,0.0,0.3333333333333333,0.3333333333333333,0.0,0.3333333333333333,0.3333333333333333,0.0,0.4,0.4,0.0,0.4,0.4
event_based_input_sensors,1.0,1.0,0.0,0.7653606369886218,0.4692787260227565,-0.2960819109658653,0.5531464700081437,0.4852285551163225,-0.06791791489182114,True,True,0.0,True,True,0.0,True,True,0.0,True,True,0.0,0.14285714285714285,0.14285714285714285,0.0,0.2857142857142857,0.14285714285714285,-0.14285714285714285,0.2857142857142857,0.14285714285714285,-0.14285714285714285,0.2857142857142857,0.14285714285714285,-0.14285714285714285,0.2857142857142857,0.14285714285714285,-0.14285714285714285
event_camera_davis240c,,1.0,,,0.4692787260227565,,,0.3391602052736161,,,True,,,True,,,True,,,True,,,0.25,,,0.25,,,0.25,,,0.16666666666666666,,,0.16666666666666666,
excitation_spectrum_dilute_sample,1.0,1.0,0.0,0.4692787260227565,0.7653606369886218,0.2960819109658653,0.3391602052736161,0.5531464700081437,0.21398626473452753,True,True,0.0,True,True,0.0,True,True,0.0,True,True,0.0,1.0,1.0,0.0,1.0,1.0,0.0,1.0,1.0,0.0,0.16666666666666666,0.16666666666666666,0.0,0.16666666666666666,0.16666666666666666,0.0
fasni3_xtal_phase_transition_xrd,1.0,1.0,0.0,0.4692787260227565,0.7653606369886218,0.2960819109658653,0.3666495063604039,0.5979795890554701,0.23133008269506622,True,True,0.0,True,True,0.0,True,True,0.0,True,True,0.0,0.25,0.25,0.0,0.25,0.25,0.0,0.25,0.25,0.0,0.16666666666666666,0.16666666666666666,0.0,0.16666666666666666,0.16666666666666666,0.0
fast_mas_dnp,1.0,0.0,-1.0,1.0,0.0,-1.0,0.7227265726449517,0.0,-0.7227265726449517,True,False,-1.0,True,False,-1.0,True,False,-1.0,True,False,-1.0,0.3333333333333333,0.0,-0.3333333333333333,0.3333333333333333,0.0,-0.3333333333333333,0.3333333333333333,0.0,-0.3333333333333333,0.3333333333333333,0.0,-0.3333333333333333,0.3333333333333333,0.0,-0.3333333333333333
fc-phys-observe,0.0,1.0,1.0,0.0,0.7039180890341348,0.7039180890341348,0.0,0.5087403079104241,0.5087403079104241,False,True,1.0,False,True,1.0,False,True,1.0,False,True,1.0,0.0,0.0,0.0,0.0,0.16666666666666666,0.16666666666666666,0.0,0.16666666666666666,0.16666666666666666,0.0,0.15384615384615385,0.15384615384615385,0.0,0.15384615384615385,0.15384615384615385
fc-reservoir-memory,1.0,1.0,0.0,0.4692787260227565,0.7653606369886218,0.2960819109658653,0.3391602052736161,0.5740133771285303,0.23485317185491417,True,True,0.0,True,True,0.0,True,True,0.0,True,True,0.0,0.3333333333333333,0.0,-0.3333333333333333,0.3333333333333333,0.0,-0.3333333333333333,0.3333333333333333,0.0,-0.3333333333333333,0.1111111111111111,0.2222222222222222,0.1111111111111111,0.1111111111111111,0.2222222222222222,0.1111111111111111
fc-thinfilm-dynamics,1.0,1.0,0.0,0.4692787260227565,0.4692787260227565,0.0,0.42050450913653914,0.36002711239400276,-0.06047739674253638,True,True,0.0,True,True,0.0,True,True,0.0,True,True,0.0,0.2,0.2,0.0,0.2,0.2,0.0,0.2,0.2,0.0,0.08333333333333333,0.08333333333333333,0.0,0.16666666666666666,0.08333333333333333,-0.08333333333333333
fcs-on-labeled-cotA,1.0,0.14285714285714285,-0.8571428571428572,0.4692787260227565,0.06703981800325093,-0.40223890801950557,0.3666495063604039,0.05237850090862913,-0.3142710054517748,True,False,-1.0,True,False,-1.0,True,False,-1.0,True,False,-1.0,0.3333333333333333,0.0,-0.3333333333333333,0.3333333333333333,0.0,-0.3333333333333333,0.3333333333333333,0.0,-0.3333333333333333,0.16666666666666666,0.0,-0.16666666666666666,0.16666666666666666,0.0,-0.16666666666666666
feP_highfield_magnetotransport,1.0,1.0,0.0,0.596170973579556,0.4692787260227565,-0.12689224755679945,0.46579097037257516,0.3666495063604039,-0.09914146401217128,True,True,0.0,True,True,0.0,True,True,0.0,True,True,0.0,0.5,0.5,0.0,0.5,0.5,0.0,0.5,0.5,0.0,0.3333333333333333,0.16666666666666666,-0.16666666666666666,0.3333333333333333,0.16666666666666666,-0.16666666666666666
fe_nib_xrd,1.0,1.0,0.0,0.4692787260227565,0.5027986350243819,0.033519909001625436,0.42180386727424835,0.4519327149366947,0.030128847662446334,True,True,0.0,True,True,0.0,True,True,0.0,True,True,0.0,0.3333333333333333,0.3333333333333333,0.0,0.3333333333333333,0.3333333333333333,0.0,0.3333333333333333,0.3333333333333333,0.0,0.25,0.25,0.0,0.25,0.25,0.0
fecl3_gic_xrd,1.0,1.0,0.0,0.4692787260227565,0.7039180890341348,0.23463936301137828,0.3391602052736161,0.5087403079104241,0.169580102636808,True,True,0.0,True,True,0.0,True,True,0.0,True,True,0.0,0.14285714285714285,0.14285714285714285,0.0,0.14285714285714285,0.2857142857142857,0.14285714285714285,0.14285714285714285,0.2857142857142857,0.14285714285714285,0.125,0.25,0.125,0.125,0.25,0.125
fecl3_sans,0.42857142857142855,0.0,-0.42857142857142855,0.2322609126342973,0.0,-0.2322609126342973,0.20554434273527256,0.0,-0.20554434273527256,True,False,-1.0,True,False,-1.0,True,False,-1.0,False,False,0.0,0.0,0.0,0.0,0.0,0.0,0.0,0.0,0.0,0.0,0.25,0.0,-0.25,0.25,0.0,-0.25
flim-setup-01,0.0,1.0,1.0,0.23463936301137825,0.5027986350243819,0.2681592720130037,0.16958010263680806,0.36338593422173154,0.19380583158492348,False,True,1.0,True,True,0.0,True,True,0.0,True,True,0.0,0.0,0.16666666666666666,0.16666666666666666,0.16666666666666666,0.16666666666666666,0.0,0.16666666666666666,0.16666666666666666,0.0,0.1,0.1,0.0,0.1,0.1,0.0
flim_ttrm_mmp,0.0,1.0,1.0,0.0,0.4692787260227565,0.4692787260227565,0.0,0.3391602052736161,0.3391602052736161,False,True,1.0,False,True,1.0,False,True,1.0,False,True,1.0,0.0,0.3333333333333333,0.3333333333333333,0.0,0.3333333333333333,0.3333333333333333,0.0,0.3333333333333333,0.3333333333333333,0.0,0.2,0.2,0.0,0.2,0.2
flow_cytometer_nanoparticle_uptake,1.0,1.0,0.0,0.7653606369886218,0.7988805459902473,0.03351990900162549,0.5531464700081437,0.5982391060766458,0.04509263606850211,True,True,0.0,True,True,0.0,True,True,0.0,True,True,0.0,0.2,0.2,0.0,0.2,0.2,0.0,0.2,0.2,0.0,0.2,0.2,0.0,0.2,0.2,0.0
fluorescence_correction,0.14285714285714285,1.0,0.8571428571428572,0.3631217289691162,0.4692787260227565,0.10615699705364029,0.28370858360369533,0.3666495063604039,0.08294092275670856,False,True,1.0,True,True,0.0,True,True,0.0,True,True,0.0,0.0,0.25,0.25,0.25,0.25,0.0,0.25,0.25,0.0,0.2,0.2,0.0,0.2,0.2,0.0
fluxcom_ec_tower,1.0,1.0,0.0,0.4692787260227565,0.4692787260227565,0.0,0.3666495063604039,0.3666495063604039,0.0,True,True,0.0,True,True,0.0,True,True,0.0,True,True,0.0,0.25,0.25,0.0,0.25,0.25,0.0,0.25,0.25,0.0,0.14285714285714285,0.14285714285714285,0.0,0.14285714285714285,0.14285714285714285,0.0
fmi_analysis_display,0.0,0.0,0.0,0.0,0.0,0.0,0.0,0.0,0.0,False,False,0.0,False,False,0.0,False,False,0.0,False,False,0.0,0.0,0.0,0.0,0.0,0.0,0.0,0.0,0.0,0.0,0.0,0.0,0.0,0.0,0.0,0.0
fmi_phantom_qc,1.0,0.0,-1.0,0.7653606369886218,0.0,-0.7653606369886218,0.5531464700081437,0.0,-0.5531464700081437,True,False,-1.0,True,False,-1.0,True,False,-1.0,True,False,-1.0,0.25,0.0,-0.25,0.25,0.0,-0.25,0.25,0.0,-0.25,0.1,0.0,-0.1,0.1,0.0,-0.1
fmols_brcs_export_demand,0.0,0.0,0.0,0.0,0.0,0.0,0.0,0.0,0.0,False,False,0.0,False,False,0.0,False,False,0.0,False,False,0.0,0.0,0.0,0.0,0.0,0.0,0.0,0.0,0.0,0.0,0.0,0.0,0.0,0.0,0.0,0.0
ftir_tracer_100,1.0,1.0,0.0,0.4692787260227565,0.4692787260227565,0.0,0.40301463303053875,0.40301463303053875,0.0,True,True,0.0,True,True,0.0,True,True,0.0,True,True,0.0,0.0,0.0,0.0,0.0,0.0,0.0,0.0,0.0,0.0,0.2,0.2,0.0,0.2,0.2,0.0
ftj-char-iv-pv-read,0.0,0.0,0.0,0.0,0.0,0.0,0.0,0.0,0.0,False,False,0.0,False,False,0.0,False,False,0.0,False,False,0.0,0.0,0.0,0.0,0.0,0.0,0.0,0.0,0.0,0.0,0.0,0.0,0.0,0.0,0.0,0.0
furan_polyamide_thermal_mw,1.0,1.0,0.0,1.0,1.0,0.0,0.8539316501572934,0.8539316501572934,0.0,True,True,0.0,True,True,0.0,True,True,0.0,True,True,0.0,0.16666666666666666,0.16666666666666666,0.0,0.3333333333333333,0.3333333333333333,0.0,0.3333333333333333,0.3333333333333333,0.0,0.23076923076923078,0.23076923076923078,0.0,0.3076923076923077,0.3076923076923077,0.0
furan_polyester_thermal_mw,1.0,1.0,0.0,1.0,1.0,0.0,0.8687949224876581,0.8687949224876581,0.0,True,True,0.0,True,True,0.0,True,True,0.0,True,True,0.0,0.16666666666666666,0.16666666666666666,0.0,0.3333333333333333,0.3333333333333333,0.0,0.3333333333333333,0.3333333333333333,0.0,0.23076923076923078,0.23076923076923078,0.0,0.3076923076923077,0.3076923076923077,0.0
furan_polymer_green_medium_screen,1.0,1.0,0.0,0.4692787260227565,0.511576141875023,0.042297415852266484,0.3391602052736161,0.5157980215069693,0.17663781623335317,True,True,0.0,True,True,0.0,True,True,0.0,True,True,0.0,0.0,0.0,0.0,0.0,0.0,0.0,0.0,0.0,0.0,0.07142857142857142,0.07142857142857142,0.0,0.07142857142857142,0.14285714285714285,0.07142857142857142
gas_phase_fluorescence,0.42857142857142855,1.0,0.5714285714285714,0.24341686986201927,0.6121358688798993,0.3687189990178801,0.17592384007933942,0.4632737656289958,0.2873499255496564,True,True,0.0,True,True,0.0,True,True,0.0,False,True,1.0,0.0,0.3333333333333333,0.3333333333333333,0.0,0.3333333333333333,0.3333333333333333,0.0,0.3333333333333333,0.3333333333333333,0.125,0.25,0.125,0.125,0.25,0.125
geH_structural_microprobe,1.0,1.0,0.0,0.5450960508766485,0.7988805459902473,0.2537844951135988,0.3939554006123783,0.5982391060766458,0.20428370546426744,True,True,0.0,True,True,0.0,True,True,0.0,True,True,0.0,0.16666666666666666,0.16666666666666666,0.0,0.16666666666666666,0.3333333333333333,0.16666666666666666,0.16666666666666666,0.3333333333333333,0.16666666666666666,0.125,0.25,0.125,0.125,0.25,0.125
geTe_ferroelectric_domain_imaging,1.0,1.0,0.0,0.541942129480027,0.688482449852666,0.1465403203726391,0.5244551632082282,0.6662670347291907,0.14181187152096253,True,True,0.0,True,True,0.0,True,True,0.0,True,True,0.0,0.5,0.5,0.0,0.5,0.5,0.0,0.5,0.5,0.0,0.3333333333333333,0.6666666666666666,0.3333333333333333,0.3333333333333333,0.6666666666666666,0.3333333333333333
ge_nc_kpfm_01,1.0,1.0,0.0,0.4692787260227565,0.6121358688798993,0.14285714285714285,0.3391602052736161,0.5050075798697692,0.16584737459615306,True,True,0.0,True,True,0.0,True,True,0.0,True,True,0.0,0.2,0.2,0.0,0.2,0.2,0.0,0.2,0.2,0.0,0.1111111111111111,0.2222222222222222,0.1111111111111111,0.1111111111111111,0.2222222222222222,0.1111111111111111
giant_magnon_spin_conductivity_ppms,0.0,0.0,0.0,0.0,0.0,0.0,0.0,0.0,0.0,False,False,0.0,False,False,0.0,False,False,0.0,False,False,0.0,0.0,0.0,0.0,0.0,0.0,0.0,0.0,0.0,0.0,0.0,0.0,0.0,0.0,0.0,0.0
gisaxs-filmformation,1.0,0.0,-1.0,0.4692787260227565,0.0,-0.4692787260227565,0.3391602052736161,0.0,-0.3391602052736161,True,False,-1.0,True,False,-1.0,True,False,-1.0,True,False,-1.0,0.16666666666666666,0.0,-0.16666666666666666,0.16666666666666666,0.0,-0.16666666666666666,0.16666666666666666,0.0,-0.16666666666666666,0.1,0.0,-0.1,0.1,0.0,-0.1
gisaxs_giwaxs_in_situ_membrane_formation,1.0,0.14285714285714285,-0.8571428571428572,0.7988805459902473,0.06703981800325093,-0.7318407279869963,0.6241688395097846,0.05237850090862913,-0.5717903386011555,True,False,-1.0,True,False,-1.0,True,False,-1.0,True,False,-1.0,0.25,0.0,-0.25,0.25,0.0,-0.25,0.25,0.0,-0.25,0.16666666666666666,0.0,-0.16666666666666666,0.16666666666666666,0.0,-0.16666666666666666
gisaxs_giwaxs_qd_self_assembly,1.0,1.0,0.0,0.511576141875023,0.7653606369886218,0.2537844951135988,0.3697296716642629,0.5740133771285303,0.20428370546426738,True,True,0.0,True,True,0.0,True,True,0.0,True,True,0.0,0.16666666666666666,0.16666666666666666,0.0,0.16666666666666666,0.3333333333333333,0.16666666666666666,0.16666666666666666,0.3333333333333333,0.16666666666666666,0.1111111111111111,0.2222222222222222,0.1111111111111111,0.1111111111111111,0.2222222222222222,0.1111111111111111
giwaxs-film-packing,1.0,1.0,0.0,0.4692787260227565,0.7039180890341348,0.23463936301137828,0.40301463303053875,0.6293175145467801,0.22630288151624134,True,True,0.0,True,True,0.0,True,True,0.0,True,True,0.0,0.3333333333333333,0.3333333333333333,0.0,0.3333333333333333,0.3333333333333333,0.0,0.3333333333333333,0.3333333333333333,0.0,0.2,0.2,0.0,0.2,0.2,0.0
giwaxs-setup,1.0,1.0,0.0,0.4692787260227565,0.4692787260227565,0.0,0.3391602052736161,0.36002711239400276,0.020866907120386635,True,True,0.0,True,True,0.0,True,True,0.0,True,True,0.0,0.25,0.25,0.0,0.25,0.25,0.0,0.25,0.25,0.0,0.14285714285714285,0.14285714285714285,0.0,0.14285714285714285,0.14285714285714285,0.0
giwaxs_in_situ_sn_perovskite,1.0,1.0,0.0,0.4692787260227565,0.4692787260227565,0.0,0.3666495063604039,0.3666495063604039,0.0,True,True,0.0,True,True,0.0,True,True,0.0,True,True,0.0,0.25,0.25,0.0,0.25,0.25,0.0,0.25,0.25,0.0,0.16666666666666666,0.16666666666666666,0.0,0.16666666666666666,0.16666666666666666,0.0
giwaxs_orientation,1.0,1.0,0.0,0.688482449852666,0.541942129480027,-0.1465403203726391,0.688482449852666,0.541942129480027,-0.1465403203726391,True,True,0.0,True,True,0.0,True,True,0.0,True,True,0.0,0.5,0.5,0.0,0.5,0.5,0.0,0.5,0.5,0.0,0.6666666666666666,0.3333333333333333,-0.3333333333333333,0.6666666666666666,0.3333333333333333,-0.3333333333333333
giwaxs_pbttt_doping,1.0,1.0,0.0,0.7653606369886218,0.7653606369886218,0.0,0.5531464700081437,0.5531464700081437,0.0,True,True,0.0,True,True,0.0,True,True,0.0,True,True,0.0,0.25,0.25,0.0,0.25,0.25,0.0,0.25,0.25,0.0,0.14285714285714285,0.14285714285714285,0.0,0.14285714285714285,0.14285714285714285,0.0
giwaxs_phase_heterogeneity,0.0,0.0,0.0,0.2709710647400135,0.03871015210571621,-0.23226091263429727,0.23980173319115133,0.034257390455878764,-0.20554434273527256,False,False,0.0,True,False,-1.0,True,False,-1.0,True,False,-1.0,0.0,0.0,0.0,0.5,0.0,-0.5,0.5,0.0,-0.5,0.25,0.0,-0.25,0.25,0.0,-0.25
giwaxs_phase_purity_thin_films,1.0,0.14285714285714285,-0.8571428571428572,0.5450960508766485,0.39664163797074165,-0.14845441290590683,0.5167732491462516,0.4034047062918613,-0.11336854285439024,True,False,-1.0,True,True,0.0,True,True,0.0,True,True,0.0,0.3333333333333333,0.0,-0.3333333333333333,0.3333333333333333,0.3333333333333333,0.0,0.3333333333333333,0.3333333333333333,0.0,0.3333333333333333,0.3333333333333333,0.0,0.3333333333333333,0.3333333333333333,0.0
giwaxs_pteg1_doped_film,0.0,1.0,1.0,0.0,0.4692787260227565,0.4692787260227565,0.0,0.3666495063604039,0.3666495063604039,False,True,1.0,False,True,1.0,False,True,1.0,False,True,1.0,0.0,0.3333333333333333,0.3333333333333333,0.0,0.3333333333333333,0.3333333333333333,0.0,0.3333333333333333,0.3333333333333333,0.0,0.16666666666666666,0.16666666666666666,0.0,0.16666666666666666,0.16666666666666666
giwaxs_surface_depth,1.0,1.0,0.0,0.4692787260227565,0.7653606369886218,0.2960819109658653,0.4448953383756435,0.7255930445820784,0.2806977062064349,True,True,0.0,True,True,0.0,True,True,0.0,True,True,0.0,0.3333333333333333,0.3333333333333333,0.0,0.3333333333333333,0.3333333333333333,0.0,0.3333333333333333,0.3333333333333333,0.0,0.3333333333333333,0.3333333333333333,0.0,0.3333333333333333,0.3333333333333333,0.0
gold_l3_xanes,1.0,1.0,0.0,0.4692787260227565,0.4692787260227565,0.0,0.40301463303053875,0.40301463303053875,0.0,True,True,0.0,True,True,0.0,True,True,0.0,True,True,0.0,0.3333333333333333,0.3333333333333333,0.0,0.3333333333333333,0.3333333333333333,0.0,0.3333333333333333,0.3333333333333333,0.0,0.2,0.2,0.0,0.2,0.2,0.0
gold_nucleophilic_complex_analysis,0.0,0.0,0.0,0.0,0.0,0.0,0.0,0.0,0.0,False,False,0.0,False,False,0.0,False,False,0.0,False,False,0.0,0.0,0.0,0.0,0.0,0.0,0.0,0.0,0.0,0.0,0.0,0.0,0.0,0.0,0.0,0.0
graphene_sto_transport_setup,0.0,1.0,1.0,0.2960819109658653,1.0,0.7039180890341348,0.360054614577234,0.7227265726449517,0.3626719580677177,False,True,1.0,True,True,0.0,True,True,0.0,True,True,0.0,0.0,0.0,0.0,0.3333333333333333,0.3333333333333333,0.0,0.3333333333333333,0.3333333333333333,0.0,0.09090909090909091,0.2727272727272727,0.1818181818181818,0.18181818181818182,0.2727272727272727,0.09090909090909088
ha_chi_coacervate_rheology,1.0,1.0,0.0,0.4692787260227565,0.7462155048864012,0.2769367788636447,0.3391602052736161,0.539309774301071,0.20014956902745484,True,True,0.0,True,True,0.0,True,True,0.0,True,True,0.0,0.25,0.25,0.0,0.25,0.25,0.0,0.25,0.25,0.0,0.14285714285714285,0.14285714285714285,0.0,0.14285714285714285,0.14285714285714285,0.0
hafnia_superlattice_ferroelectric_test,1.0,1.0,0.0,0.4692787260227565,0.4692787260227565,0.0,0.40301463303053875,0.40301463303053875,0.0,True,True,0.0,True,True,0.0,True,True,0.0,True,True,0.0,0.3333333333333333,0.3333333333333333,0.0,0.3333333333333333,0.3333333333333333,0.0,0.3333333333333333,0.3333333333333333,0.0,0.2,0.2,0.0,0.2,0.2,0.0
hall-bar-transport-sroru3,1.0,0.0,-1.0,0.4692787260227565,0.23463936301137825,-0.23463936301137825,0.3391602052736161,0.44685352999185624,0.10769332471824011,True,False,-1.0,True,True,0.0,True,True,0.0,True,True,0.0,0.0,0.0,0.0,0.0,0.25,0.25,0.0,0.5,0.5,0.14285714285714285,0.14285714285714285,0.0,0.14285714285714285,0.2857142857142857,0.14285714285714285
harmonic_hall_measurement_setup,1.0,1.0,0.0,0.4692787260227565,0.4692787260227565,0.0,0.3666495063604039,0.3666495063604039,0.0,True,True,0.0,True,True,0.0,True,True,0.0,True,True,0.0,0.3333333333333333,0.3333333333333333,0.0,0.3333333333333333,0.3333333333333333,0.0,0.3333333333333333,0.3333333333333333,0.0,0.16666666666666666,0.16666666666666666,0.0,0.16666666666666666,0.16666666666666666,0.0
heli_dependent_photocurrent_setup,0.0,0.0,0.0,0.2960819109658653,0.23463936301137825,-0.06144254795448703,0.3451913422468693,0.16958010263680806,-0.17561123961006125,False,False,0.0,True,True,0.0,True,True,0.0,True,True,0.0,0.0,0.0,0.0,0.2,0.2,0.0,0.4,0.2,-0.2,0.2,0.2,0.0,0.4,0.2,-0.2
heterostructure_interface_cleanliness,0.0,1.0,1.0,0.0,0.4692787260227565,0.4692787260227565,0.0,0.3391602052736161,0.3391602052736161,False,True,1.0,False,True,1.0,False,True,1.0,False,True,1.0,0.0,0.0,0.0,0.0,0.0,0.0,0.0,0.0,0.0,0.0,0.09090909090909091,0.09090909090909091,0.0,0.09090909090909091,0.09090909090909091
hfmf-hcell-gamry,1.0,1.0,0.0,0.7653606369886218,0.7653606369886218,0.0,0.5531464700081437,0.5531464700081437,0.0,True,True,0.0,True,True,0.0,True,True,0.0,True,True,0.0,0.16666666666666666,0.16666666666666666,0.0,0.3333333333333333,0.3333333333333333,0.0,0.3333333333333333,0.3333333333333333,0.0,0.3333333333333333,0.3333333333333333,0.0,0.3333333333333333,0.3333333333333333,0.0
high_field_magneto_optics_perovskite,1.0,1.0,0.0,0.4692787260227565,0.511576141875023,0.042297415852266484,0.3666495063604039,0.39969666103112766,0.03304715467072378,True,True,0.0,True,True,0.0,True,True,0.0,True,True,0.0,0.3333333333333333,0.3333333333333333,0.0,0.3333333333333333,0.3333333333333333,0.0,0.3333333333333333,0.3333333333333333,0.0,0.2,0.2,0.0,0.2,0.2,0.0
hpv16-afm-nanoindentation,0.0,1.0,1.0,0.0,0.7653606369886218,0.7653606369886218,0.0,0.6366824387328317,0.6366824387328317,False,True,1.0,False,True,1.0,False,True,1.0,False,True,1.0,0.0,0.25,0.25,0.0,0.25,0.25,0.0,0.25,0.25,0.0,0.25,0.25,0.0,0.25,0.25
hs-afm-fiber-growth,1.0,0.0,-1.0,0.7653606369886218,0.0,-0.7653606369886218,0.5531464700081437,0.0,-0.5531464700081437,True,False,-1.0,True,False,-1.0,True,False,-1.0,True,False,-1.0,0.2,0.0,-0.2,0.2,0.0,-0.2,0.2,0.0,-0.2,0.2,0.0,-0.2,0.2,0.0,-0.2
hs_afm_escrt3_membranes,1.0,1.0,0.0,0.4692787260227565,0.511576141875023,0.042297415852266484,0.4448953383756435,0.4849950106908485,0.040099672315205004,True,True,0.0,True,True,0.0,True,True,0.0,True,True,0.0,0.3333333333333333,0.3333333333333333,0.0,0.3333333333333333,0.3333333333333333,0.0,0.3333333333333333,0.3333333333333333,0.0,0.3333333333333333,0.3333333333333333,0.0,0.3333333333333333,0.3333333333333333,0.0
htex1_tem,1.0,1.0,0.0,0.7653606369886218,0.4692787260227565,-0.2960819109658653,0.5979795890554701,0.3666495063604039,-0.23133008269506622,True,True,0.0,True,True,0.0,True,True,0.0,True,True,0.0,0.25,0.25,0.0,0.5,0.25,-0.25,0.5,0.25,-0.25,0.4,0.2,-0.2,0.4,0.2,-0.2
httex1_tem,1.0,1.0,0.0,0.511576141875023,0.7653606369886218,0.2537844951135988,0.3697296716642629,0.5531464700081437,0.18341679834388075,True,True,0.0,True,True,0.0,True,True,0.0,True,True,0.0,0.2,0.2,0.0,0.2,0.2,0.0,0.2,0.2,0.0,0.14285714285714285,0.14285714285714285,0.0,0.14285714285714285,0.14285714285714285,0.0
hyperspectral_pl_microscopy,0.0,0.0,0.0,0.0,0.0,0.0,0.0,0.0,0.0,False,False,0.0,False,False,0.0,False,False,0.0,False,False,0.0,0.0,0.0,0.0,0.0,0.0,0.0,0.0,0.0,0.0,0.0,0.0,0.0,0.0,0.0,0.0
hzo_phase_structure_setup,1.0,1.0,0.0,0.4692787260227565,0.7653606369886218,0.2960819109658653,0.3391602052736161,0.7179584023526132,0.3787981970789971,True,True,0.0,True,True,0.0,True,True,0.0,True,True,0.0,0.14285714285714285,0.14285714285714285,0.0,0.14285714285714285,0.14285714285714285,0.0,0.14285714285714285,0.2857142857142857,0.14285714285714285,0.09090909090909091,0.09090909090909091,0.0,0.09090909090909091,0.18181818181818182,0.09090909090909091
hzo_pld_growth,1.0,0.0,-1.0,0.4692787260227565,0.0,-0.4692787260227565,0.42180386727424835,0.0,-0.42180386727424835,True,False,-1.0,True,False,-1.0,True,False,-1.0,True,False,-1.0,0.3333333333333333,0.0,-0.3333333333333333,0.3333333333333333,0.0,-0.3333333333333333,0.3333333333333333,0.0,-0.3333333333333333,0.25,0.0,-0.25,0.25,0.0,-0.25
ibs-setup-01,1.0,0.0,-1.0,0.7653606369886218,0.0,-0.7653606369886218,0.5979795890554701,0.0,-0.5979795890554701,True,False,-1.0,True,False,-1.0,True,False,-1.0,True,False,-1.0,0.3333333333333333,0.0,-0.3333333333333333,0.3333333333333333,0.0,-0.3333333333333333,0.3333333333333333,0.0,-0.3333333333333333,0.4,0.0,-0.4,0.4,0.0,-0.4
implanted_diamond_he_platelets_tem,1.0,1.0,0.0,0.4692787260227565,0.7653606369886218,0.2960819109658653,0.3391602052736161,0.5718900525099068,0.23272984723629064,True,True,0.0,True,True,0.0,True,True,0.0,True,True,0.0,0.0,0.16666666666666666,0.16666666666666666,0.0,0.16666666666666666,0.16666666666666666,0.0,0.16666666666666666,0.16666666666666666,0.07692307692307693,0.07692307692307693,0.0,0.07692307692307693,0.07692307692307693,0.0
indentation-adhesion-setup,0.0,0.0,0.0,0.0,0.0,0.0,0.0,0.0,0.0,False,False,0.0,False,False,0.0,False,False,0.0,False,False,0.0,0.0,0.0,0.0,0.0,0.0,0.0,0.0,0.0,0.0,0.0,0.0,0.0,0.0,0.0,0.0
insulin_amyloid_tht_plate_reader,0.14285714285714285,0.42857142857142855,0.2857142857142857,0.07742030421143242,0.28110768609184367,0.20368738188041124,0.06851478091175753,0.24877235657193017,0.18025757566017264,False,True,1.0,False,True,1.0,False,True,1.0,False,False,0.0,0.0,0.0,0.0,0.0,0.0,0.0,0.0,0.0,0.0,0.0,0.25,0.25,0.0,0.25,0.25
interface-proximity,1.0,1.0,0.0,0.4692787260227565,0.6121358688798993,0.14285714285714285,0.3391602052736161,0.4424068585086092,0.1032466532349931,True,True,0.0,True,True,0.0,True,True,0.0,True,True,0.0,0.0,0.3333333333333333,0.3333333333333333,0.0,0.3333333333333333,0.3333333333333333,0.0,0.3333333333333333,0.3333333333333333,0.14285714285714285,0.2857142857142857,0.14285714285714285,0.14285714285714285,0.2857142857142857,0.14285714285714285
ion-scattering-esa,1.0,1.0,0.0,0.4692787260227565,0.4692787260227565,0.0,0.42180386727424835,0.42180386727424835,0.0,True,True,0.0,True,True,0.0,True,True,0.0,True,True,0.0,0.3333333333333333,0.3333333333333333,0.0,0.3333333333333333,0.3333333333333333,0.0,0.3333333333333333,0.3333333333333333,0.0,0.25,0.25,0.0,0.25,0.25,0.0
ion_cold_state_action,1.0,1.0,0.0,0.7039180890341348,0.4692787260227565,-0.23463936301137828,0.5499742595406059,0.3666495063604039,-0.18332475318020197,True,True,0.0,True,True,0.0,True,True,0.0,True,True,0.0,0.3333333333333333,0.3333333333333333,0.0,0.6666666666666666,0.3333333333333333,-0.3333333333333333,0.6666666666666666,0.3333333333333333,-0.3333333333333333,0.3333333333333333,0.16666666666666666,-0.16666666666666666,0.3333333333333333,0.16666666666666666,-0.16666666666666666
ion_guide_setup,1.0,0.42857142857142855,-0.5714285714285714,0.8046129061698147,0.34839136895144596,-0.4562215372183688,0.7567176916868563,0.3276530993910279,-0.42906459229582844,True,True,0.0,True,True,0.0,True,True,0.0,True,False,-1.0,0.5,0.0,-0.5,0.5,0.0,-0.5,0.5,0.0,-0.5,0.6666666666666666,0.3333333333333333,-0.3333333333333333,0.6666666666666666,0.3333333333333333,-0.3333333333333333
ion_trap_cid_esI,0.0,0.0,0.0,0.0,0.2960819109658653,0.2960819109658653,0.0,0.21398626473452756,0.21398626473452756,False,False,0.0,False,True,1.0,False,True,1.0,False,True,1.0,0.0,0.0,0.0,0.0,0.16666666666666666,0.16666666666666666,0.0,0.16666666666666666,0.16666666666666666,0.0,0.1,0.1,0.0,0.1,0.1
ion_trap_nexams_setup,1.0,0.0,-1.0,1.0,0.0,-1.0,0.8539316501572934,0.16481193234446956,-0.6891197178128239,True,False,-1.0,True,False,-1.0,True,True,0.0,True,False,-1.0,0.25,0.0,-0.25,0.5,0.0,-0.5,0.5,0.25,-0.25,0.42857142857142855,0.0,-0.42857142857142855,0.42857142857142855,0.14285714285714285,-0.2857142857142857
ionic_te_seebeck_setup,0.0,1.0,1.0,0.0,0.7653606369886218,0.7653606369886218,0.0,0.5718900525099068,0.5718900525099068,False,True,1.0,False,True,1.0,False,True,1.0,False,True,1.0,0.0,0.0,0.0,0.0,0.16666666666666666,0.16666666666666666,0.0,0.16666666666666666,0.16666666666666666,0.0,0.2,0.2,0.0,0.2,0.2
ionic_te_thermal_transport,0.0,0.42857142857142855,0.42857142857142855,0.2960819109658653,0.49720136497561807,0.20111945400975278,0.21398626473452756,0.35934063842322017,0.1453543736886926,False,True,1.0,True,True,0.0,True,True,0.0,True,True,0.0,0.0,0.0,0.0,0.3333333333333333,0.3333333333333333,0.0,0.3333333333333333,0.3333333333333333,0.0,0.09090909090909091,0.18181818181818182,0.09090909090909091,0.09090909090909091,0.18181818181818182,0.09090909090909091
ionogel_structure_interaction,1.0,1.0,0.0,0.6967307005844323,0.7653606369886218,0.06862993640418946,0.5035457912899028,0.6719779388745929,0.16843214758469005,True,True,0.0,True,True,0.0,True,True,0.0,True,True,0.0,0.25,0.25,0.0,0.25,0.25,0.0,0.25,0.25,0.0,0.25,0.16666666666666666,-0.08333333333333334,0.25,0.3333333333333333,0.08333333333333331
iron_langasite_neutron,1.0,1.0,0.0,0.4692787260227565,0.7653606369886218,0.2960819109658653,0.3391602052736161,0.5740133771285303,0.23485317185491417,True,True,0.0,True,True,0.0,True,True,0.0,True,True,0.0,1.0,1.0,0.0,1.0,1.0,0.0,1.0,1.0,0.0,0.14285714285714285,0.2857142857142857,0.14285714285714285,0.14285714285714285,0.2857142857142857,0.14285714285714285
isomer_selective_action,1.0,1.0,0.0,0.4692787260227565,0.4692787260227565,0.0,0.3391602052736161,0.3391602052736161,0.0,True,True,0.0,True,True,0.0,True,True,0.0,True,True,0.0,0.3333333333333333,0.3333333333333333,0.0,0.3333333333333333,0.3333333333333333,0.0,0.3333333333333333,0.3333333333333333,0.0,0.1111111111111111,0.1111111111111111,0.0,0.1111111111111111,0.1111111111111111,0.0
item1,1.0,0.0,-1.0,0.7653606369886218,0.0,-0.7653606369886218,0.5979795890554701,0.14606834984270645,-0.45191123921276366,True,False,-1.0,True,False,-1.0,True,True,0.0,True,False,-1.0,0.0,0.0,0.0,0.5,0.0,-0.5,0.5,0.0,-0.5,0.2857142857142857,0.0,-0.2857142857142857,0.2857142857142857,0.0625,-0.2232142857142857
jacs3c07103_q1,0.0,1.0,1.0,0.2960819109658653,0.4692787260227565,0.17319681505689122,0.4723036992409546,0.4448953383756435,-0.02740836086531112,False,True,1.0,True,True,0.0,True,True,0.0,True,True,0.0,0.0,0.3333333333333333,0.3333333333333333,0.3333333333333333,0.3333333333333333,0.0,0.6666666666666666,0.3333333333333333,-0.3333333333333333,0.3333333333333333,0.3333333333333333,0.0,0.6666666666666666,0.3333333333333333,-0.3333333333333333
jef_sem,1.0,0.0,-1.0,0.511576141875023,0.2960819109658653,-0.2154942309091577,0.39969666103112766,0.23133008269506616,-0.1683665783360615,True,False,-1.0,True,True,0.0,True,True,0.0,True,True,0.0,0.25,0.0,-0.25,0.25,0.25,0.0,0.25,0.25,0.0,0.16666666666666666,0.16666666666666666,0.0,0.16666666666666666,0.16666666666666666,0.0
k3cro4_magnetometry,1.0,0.14285714285714285,-0.8571428571428572,0.4692787260227565,0.3631217289691162,-0.10615699705364029,0.3666495063604039,0.3513831610688128,-0.015266345291591099,True,False,-1.0,True,True,0.0,True,True,0.0,True,True,0.0,0.25,0.0,-0.25,0.25,0.25,0.0,0.25,0.25,0.0,0.2,0.2,0.0,0.2,0.4,0.2
kap95_nsp1_nanopore_recording_setup,0.0,0.0,0.0,0.0,0.0,0.0,0.0,0.14183939080668118,0.14183939080668118,False,False,0.0,False,False,0.0,False,True,1.0,False,False,0.0,0.0,0.0,0.0,0.0,0.0,0.0,0.0,0.3333333333333333,0.3333333333333333,0.0,0.0,0.0,0.0,0.16666666666666666,0.16666666666666666
keithley2410_iv_memristor,0.0,0.14285714285714285,0.14285714285714285,0.0,0.3079797896471021,0.3079797896471021,0.0,0.29447745979650064,0.29447745979650064,False,False,0.0,False,True,1.0,False,True,1.0,False,False,0.0,0.0,0.0,0.0,0.0,0.0,0.0,0.0,0.0,0.0,0.0,0.5,0.5,0.0,0.5,0.5
kiss-leed-001,0.0,0.0,0.0,0.2960819109658653,0.2960819109658653,0.0,0.25427392310364916,0.25427392310364916,0.0,False,False,0.0,True,True,0.0,True,True,0.0,True,True,0.0,0.0,0.0,0.0,0.3333333333333333,0.3333333333333333,0.0,0.3333333333333333,0.3333333333333333,0.0,0.2,0.2,0.0,0.2,0.2,0.0
kr_cu_esa,1.0,1.0,0.0,0.4692787260227565,0.7039180890341348,0.23463936301137828,0.40301463303053875,0.6045219495458081,0.20150731651526932,True,True,0.0,True,True,0.0,True,True,0.0,True,True,0.0,0.3333333333333333,0.3333333333333333,0.0,0.3333333333333333,0.3333333333333333,0.0,0.3333333333333333,0.3333333333333333,0.0,0.2,0.2,0.0,0.2,0.2,0.0
lab_xas_xes_1,0.0,1.0,1.0,0.2960819109658653,1.0,0.7039180890341348,0.21398626473452756,0.8687949224876581,0.6548086577531306,False,True,1.0,True,True,0.0,True,True,0.0,True,True,0.0,0.0,0.0,0.0,0.0,0.3333333333333333,0.3333333333333333,0.0,0.5,0.5,0.058823529411764705,0.17647058823529413,0.11764705882352942,0.058823529411764705,0.23529411764705882,0.1764705882352941
lab_xas_xes_2,1.0,1.0,0.0,0.4692787260227565,0.4692787260227565,0.0,0.3391602052736161,0.3391602052736161,0.0,True,True,0.0,True,True,0.0,True,True,0.0,True,True,0.0,0.3333333333333333,0.3333333333333333,0.0,0.3333333333333333,0.3333333333333333,0.0,0.3333333333333333,0.3333333333333333,0.0,0.09090909090909091,0.09090909090909091,0.0,0.09090909090909091,0.09090909090909091,0.0
lab_xes_3,1.0,1.0,0.0,0.7653606369886218,1.0,0.23463936301137822,0.5531464700081437,0.8687949224876581,0.31564845247951445,True,True,0.0,True,True,0.0,True,True,0.0,True,True,0.0,0.3333333333333333,0.3333333333333333,0.0,0.6666666666666666,0.6666666666666666,0.0,0.6666666666666666,0.6666666666666666,0.0,0.125,0.125,0.0,0.125,0.125,0.0
langmuir-trough-pressure-control,1.0,1.0,0.0,0.4692787260227565,0.4692787260227565,0.0,0.3391602052736161,0.3391602052736161,0.0,True,True,0.0,True,True,0.0,True,True,0.0,True,True,0.0,0.2,0.2,0.0,0.2,0.2,0.0,0.2,0.2,0.0,0.16666666666666666,0.16666666666666666,0.0,0.16666666666666666,0.16666666666666666,0.0
lb_trough_surface_pressure_isotherm,1.0,1.0,0.0,0.4692787260227565,0.5027986350243819,0.033519909001625436,0.382135764664834,0.40943117642660787,0.027295411761773858,True,True,0.0,True,True,0.0,True,True,0.0,True,True,0.0,0.25,0.25,0.0,0.25,0.25,0.0,0.25,0.25,0.0,0.25,0.25,0.0,0.25,0.25,0.0
lcr_cv_hsl,0.0,0.0,0.0,0.033519909001625464,0.3296018199674907,0.2960819109658652,0.024225728948115435,0.23821199368264298,0.21398626473452753,False,False,0.0,False,True,1.0,False,True,1.0,False,True,1.0,0.0,0.0,0.0,0.0,0.3333333333333333,0.3333333333333333,0.0,0.3333333333333333,0.3333333333333333,0.0,0.16666666666666666,0.16666666666666666,0.0,0.16666666666666666,0.16666666666666666
lipid_imaging,1.0,0.42857142857142855,-0.5714285714285714,0.596170973579556,0.5977610919804944,0.0015901184009384783,0.48709935195084575,0.4320178252675665,-0.05508152668327926,True,True,0.0,True,True,0.0,True,True,0.0,True,True,0.0,0.3333333333333333,0.0,-0.3333333333333333,0.3333333333333333,0.3333333333333333,0.0,0.3333333333333333,0.3333333333333333,0.0,0.2,0.2,0.0,0.3,0.2,-0.09999999999999998
liqair_qd_adsorption_geometry,0.0,1.0,1.0,0.3296018199674907,0.7039180890341348,0.37431626906664406,0.23821199368264298,0.5087403079104241,0.2705283142277811,False,True,1.0,True,True,0.0,True,True,0.0,True,True,0.0,0.0,0.3333333333333333,0.3333333333333333,0.3333333333333333,0.3333333333333333,0.0,0.3333333333333333,0.3333333333333333,0.0,0.14285714285714285,0.14285714285714285,0.0,0.14285714285714285,0.14285714285714285,0.0
live-multicolor-chromatin,1.0,0.0,-1.0,0.4692787260227565,0.04229741585226647,-0.42698131017049,0.3391602052736161,0.1617745439029886,-0.17738566137062753,True,False,-1.0,True,False,-1.0,True,True,0.0,True,False,-1.0,0.3333333333333333,0.0,-0.3333333333333333,0.3333333333333333,0.0,-0.3333333333333333,0.3333333333333333,0.3333333333333333,0.0,0.09090909090909091,0.0,-0.09090909090909091,0.09090909090909091,0.09090909090909091,0.0
lsmo_resistive_switching_source_meter,0.42857142857142855,0.42857142857142855,0.0,0.20111945400975278,0.23463936301137825,0.033519909001625464,0.17272055701308803,0.20150731651526937,0.028786759502181347,True,True,0.0,True,True,0.0,True,True,0.0,False,False,0.0,0.0,0.0,0.0,0.0,0.0,0.0,0.0,0.0,0.0,0.2,0.2,0.0,0.2,0.2,0.0
lt_tem_cryogenic_biasing_csO,1.0,1.0,0.0,0.4692787260227565,0.4692787260227565,0.0,0.3391602052736161,0.3391602052736161,0.0,True,True,0.0,True,True,0.0,True,True,0.0,True,True,0.0,0.1,0.1,0.0,0.1,0.1,0.0,0.1,0.1,0.0,0.09090909090909091,0.09090909090909091,0.0,0.09090909090909091,0.09090909090909091,0.0
lugdunomycin_structural_determination,1.0,1.0,0.0,0.4692787260227565,0.7988805459902473,0.3296018199674908,0.3391602052736161,0.5773721989562591,0.238211993682643,True,True,0.0,True,True,0.0,True,True,0.0,True,True,0.0,0.16666666666666666,0.16666666666666666,0.0,0.16666666666666666,0.3333333333333333,0.16666666666666666,0.16666666666666666,0.3333333333333333,0.16666666666666666,0.16666666666666666,0.3333333333333333,0.16666666666666666,0.16666666666666666,0.3333333333333333,0.16666666666666666
mSLA-printing-equipment,1.0,0.0,-1.0,0.4692787260227565,0.0,-0.4692787260227565,0.3666495063604039,0.0,-0.3666495063604039,True,False,-1.0,True,False,-1.0,True,False,-1.0,True,False,-1.0,0.25,0.0,-0.25,0.25,0.0,-0.25,0.25,0.0,-0.25,0.16666666666666666,0.0,-0.16666666666666666,0.16666666666666666,0.0,-0.16666666666666666
magnetic-cilia-array-setup,0.0,0.0,0.0,0.23463936301137825,0.0,-0.23463936301137825,0.18332475318020194,0.0,-0.18332475318020194,False,False,0.0,True,False,-1.0,True,False,-1.0,True,False,-1.0,0.0,0.0,0.0,0.25,0.0,-0.25,0.25,0.0,-0.25,0.2,0.0,-0.2,0.2,0.0,-0.2
magnetic-soft-swimmer-collective,1.0,1.0,0.0,0.4692787260227565,0.5027986350243819,0.033519909001625436,0.3391602052736161,0.36338593422173154,0.02422572894811542,True,True,0.0,True,True,0.0,True,True,0.0,True,True,0.0,0.25,0.25,0.0,0.25,0.25,0.0,0.25,0.25,0.0,0.1,0.1,0.0,0.1,0.1,0.0
magnetic_actuation_observation_setup,1.0,0.42857142857142855,-0.5714285714285714,0.7462155048864012,0.23463936301137825,-0.511576141875023,0.539309774301071,0.16958010263680806,-0.3697296716642629,True,True,0.0,True,True,0.0,True,True,0.0,True,False,-1.0,0.2,0.0,-0.2,0.2,0.0,-0.2,0.2,0.0,-0.2,0.14285714285714285,0.07142857142857142,-0.07142857142857142,0.14285714285714285,0.07142857142857142,-0.07142857142857142
magneto_pl_setup,1.0,1.0,0.0,0.7039180890341348,0.4692787260227565,-0.23463936301137828,0.573203646997251,0.382135764664834,-0.191067882332417,True,True,0.0,True,True,0.0,True,True,0.0,True,True,0.0,0.0,0.0,0.0,0.3333333333333333,0.0,-0.3333333333333333,0.3333333333333333,0.0,-0.3333333333333333,0.5,0.25,-0.25,0.5,0.25,-0.25
magnetoelastic,0.0,1.0,1.0,0.0,0.7653606369886218,0.7653606369886218,0.020866907120386635,0.609377217513433,0.5885103103930464,False,True,1.0,False,True,1.0,False,True,1.0,False,True,1.0,0.0,0.3333333333333333,0.3333333333333333,0.0,0.3333333333333333,0.3333333333333333,0.0,0.3333333333333333,0.3333333333333333,0.0,0.18181818181818182,0.18181818181818182,0.0,0.2727272727272727,0.2727272727272727
magnon-nonlocal-lockin,1.0,1.0,0.0,0.5027986350243819,0.4692787260227565,-0.033519909001625436,0.4318013925327201,0.40301463303053875,-0.028786759502181347,True,True,0.0,True,True,0.0,True,True,0.0,True,True,0.0,0.3333333333333333,0.3333333333333333,0.0,0.3333333333333333,0.3333333333333333,0.0,0.3333333333333333,0.3333333333333333,0.0,0.2,0.2,0.0,0.2,0.2,0.0
magnon_gate_litho,1.0,1.0,0.0,0.5874203951744313,0.5874203951744313,0.0,0.5874203951744313,0.5874203951744313,0.0,True,True,0.0,True,True,0.0,True,True,0.0,True,True,0.0,0.5,0.5,0.0,0.5,0.5,0.0,0.5,0.5,0.0,0.5,0.5,0.0,0.5,0.5,0.0
mapbbr3_pl_setup,1.0,0.0,-1.0,0.4692787260227565,0.1268922475567994,-0.3423864784659571,0.3391602052736161,0.22291347668428216,-0.11624672858933396,True,False,-1.0,True,True,0.0,True,True,0.0,True,False,-1.0,0.3333333333333333,0.0,-0.3333333333333333,0.3333333333333333,0.0,-0.3333333333333333,0.3333333333333333,0.3333333333333333,0.0,0.16666666666666666,0.16666666666666666,0.0,0.16666666666666666,0.3333333333333333,0.16666666666666666
mas-dnp-fast-mas-probe,1.0,0.0,-1.0,0.7988805459902473,0.3296018199674907,-0.46927872602275655,0.6860753156363693,0.35744737760874656,-0.3286279380276227,True,False,-1.0,True,True,0.0,True,True,0.0,True,True,0.0,0.3333333333333333,0.0,-0.3333333333333333,0.3333333333333333,0.3333333333333333,0.0,0.3333333333333333,0.3333333333333333,0.0,0.2,0.2,0.0,0.2,0.4,0.2
mas_in_situ_irradiation_setup,0.42857142857142855,0.14285714285714285,-0.2857142857142857,0.20111945400975278,0.3631217289691162,0.16200227495936342,0.17739827284112755,0.28370858360369533,0.10631031076256778,True,False,-1.0,True,True,0.0,True,True,0.0,False,True,1.0,0.0,0.0,0.0,0.0,1.0,1.0,0.0,1.0,1.0,0.16666666666666666,0.16666666666666666,0.0,0.16666666666666666,0.16666666666666666,0.0
md-lammps-sim,0.0,0.0,0.0,0.0,0.0,0.0,0.0,0.0,0.0,False,False,0.0,False,False,0.0,False,False,0.0,False,False,0.0,,,,,,,,,,0.0,0.0,0.0,0.0,0.0,0.0
mechanowetting_traveling_wave_slug_transport,1.0,0.0,-1.0,0.5027986350243819,0.0,-0.5027986350243819,0.36338593422173154,0.0,-0.36338593422173154,True,False,-1.0,True,False,-1.0,True,False,-1.0,True,False,-1.0,0.25,0.0,-0.25,0.25,0.0,-0.25,0.25,0.0,-0.25,0.125,0.0,-0.125,0.125,0.0,-0.125
metavalent_bonding_probe,0.0,1.0,1.0,0.0,0.8659203639934981,0.8659203639934981,0.0,0.6820544043577793,0.6820544043577793,False,True,1.0,False,True,1.0,False,True,1.0,False,True,1.0,0.0,1.0,1.0,0.0,1.0,1.0,0.0,1.0,1.0,0.0,0.42857142857142855,0.42857142857142855,0.0,0.5714285714285714,0.5714285714285714
metavalent_lattice_response,0.0,0.0,0.0,0.033519909001625464,0.23463936301137825,0.20111945400975278,0.024225728948115435,0.44685352999185624,0.4226278010437408,False,False,0.0,False,True,1.0,False,True,1.0,False,True,1.0,0.0,0.0,0.0,0.0,0.2,0.2,0.0,0.2,0.2,0.0,0.125,0.125,0.0,0.25,0.25
micro_pl_setup_for_mn_hoip_pl,0.0,1.0,1.0,0.10055972700487639,0.4692787260227565,0.3687189990178801,0.0785677513629437,0.3666495063604039,0.2880817549974602,False,True,1.0,True,True,0.0,True,True,0.0,False,True,1.0,0.0,0.25,0.25,0.0,0.25,0.25,0.0,0.25,0.25,0.16666666666666666,0.16666666666666666,0.0,0.16666666666666666,0.16666666666666666,0.0
microfluidic_particle_manipulation_broad,0.0,0.14285714285714285,0.14285714285714285,0.23463936301137825,0.16759954500812732,-0.06703981800325093,0.16958010263680806,0.12112864474057718,-0.048451457896230885,False,False,0.0,True,True,0.0,True,True,0.0,True,False,-1.0,0.0,0.0,0.0,0.3333333333333333,0.0,-0.3333333333333333,0.3333333333333333,0.0,-0.3333333333333333,0.1111111111111111,0.1111111111111111,0.0,0.1111111111111111,0.1111111111111111,0.0
micropipette_aspiration_chmp,1.0,1.0,0.0,0.4692787260227565,0.7039180890341348,0.23463936301137828,0.4448953383756435,0.6673430075634652,0.22244766918782172,True,True,0.0,True,True,0.0,True,True,0.0,True,True,0.0,0.3333333333333333,0.3333333333333333,0.0,0.3333333333333333,0.3333333333333333,0.0,0.3333333333333333,0.3333333333333333,0.0,0.3333333333333333,0.3333333333333333,0.0,0.3333333333333333,0.3333333333333333,0.0
microscope_camera_clearance,0.14285714285714285,1.0,0.8571428571428572,0.06703981800325093,0.7039180890341348,0.6368782710308838,0.057573519004362674,0.6045219495458081,0.5469484305414454,False,True,1.0,False,True,1.0,False,True,1.0,False,True,1.0,0.0,0.3333333333333333,0.3333333333333333,0.0,0.3333333333333333,0.3333333333333333,0.0,0.3333333333333333,0.3333333333333333,0.0,0.2,0.2,0.0,0.2,0.2
mnte-paoflow-postproc,0.0,0.0,0.0,0.0,0.0,0.0,0.0,0.0,0.0,False,False,0.0,False,False,0.0,False,False,0.0,False,False,0.0,0.0,0.0,0.0,0.0,0.0,0.0,0.0,0.0,0.0,0.0,0.0,0.0,0.0,0.0,0.0
moderate_pressure_plasma_diagnostics,1.0,0.0,-1.0,0.7653606369886218,0.3615316105681776,-0.40382902642044416,0.6843515475204854,0.39249357932109014,-0.2918579681993953,True,False,-1.0,True,True,0.0,True,True,0.0,True,True,0.0,0.3333333333333333,0.0,-0.3333333333333333,0.3333333333333333,0.0,-0.3333333333333333,0.3333333333333333,0.0,-0.3333333333333333,0.125,0.25,0.125,0.25,0.375,0.125
moke-interference-setup,1.0,1.0,0.0,0.4692787260227565,0.5027986350243819,0.033519909001625436,0.3391602052736161,0.36338593422173154,0.02422572894811542,True,True,0.0,True,True,0.0,True,True,0.0,True,True,0.0,0.16666666666666666,0.16666666666666666,0.0,0.16666666666666666,0.16666666666666666,0.0,0.16666666666666666,0.16666666666666666,0.0,0.09090909090909091,0.09090909090909091,0.0,0.09090909090909091,0.09090909090909091,0.0
moke_pump_probe_fgt,1.0,1.0,0.0,0.5450960508766485,0.7988805459902473,0.2537844951135988,0.3939554006123783,0.5982391060766458,0.20428370546426744,True,True,0.0,True,True,0.0,True,True,0.0,True,True,0.0,0.2,0.2,0.0,0.2,0.4,0.2,0.2,0.4,0.2,0.2,0.4,0.2,0.2,0.4,0.2
mri_scanner_hn_t2,0.0,1.0,1.0,0.0,0.4692787260227565,0.4692787260227565,0.0,0.3391602052736161,0.3391602052736161,False,True,1.0,False,True,1.0,False,True,1.0,False,True,1.0,0.0,0.2,0.2,0.0,0.2,0.2,0.0,0.2,0.2,0.0,0.2,0.2,0.0,0.2,0.2
multiferroics_domain_wall_imaging,0.0,1.0,1.0,0.0,0.7039180890341348,0.7039180890341348,0.0,0.5087403079104241,0.5087403079104241,False,True,1.0,False,True,1.0,False,True,1.0,False,True,1.0,0.0,0.0,0.0,0.0,0.0,0.0,0.0,0.0,0.0,0.0,0.18181818181818182,0.18181818181818182,0.0,0.18181818181818182,0.18181818181818182
multiferroics_electromagnon_spectroscopy,1.0,1.0,0.0,0.4692787260227565,0.7653606369886218,0.2960819109658653,0.3391602052736161,0.5531464700081437,0.21398626473452753,True,True,0.0,True,True,0.0,True,True,0.0,True,True,0.0,0.3333333333333333,0.3333333333333333,0.0,0.3333333333333333,0.3333333333333333,0.0,0.3333333333333333,0.3333333333333333,0.0,0.14285714285714285,0.2857142857142857,0.14285714285714285,0.14285714285714285,0.2857142857142857,0.14285714285714285
multiferroics_magnetoelectric_response,0.0,0.0,0.0,0.0,0.2274519745616758,0.2274519745616758,0.0,0.1643855860162867,0.1643855860162867,False,False,0.0,False,True,1.0,False,True,1.0,False,False,0.0,0.0,0.0,0.0,0.0,0.0,0.0,0.0,0.0,0.0,0.0,0.2857142857142857,0.2857142857142857,0.0,0.2857142857142857,0.2857142857142857
nanomax_operando_diffraction,1.0,0.42857142857142855,-0.5714285714285714,0.511576141875023,0.23463936301137825,-0.27693677886364476,0.46413504418917484,0.20150731651526937,-0.26262772767390546,True,True,0.0,True,True,0.0,True,True,0.0,True,False,-1.0,0.3333333333333333,0.0,-0.3333333333333333,0.3333333333333333,0.0,-0.3333333333333333,0.3333333333333333,0.0,-0.3333333333333333,0.2,0.2,0.0,0.2,0.2,0.0
nanotech_visualize_np,1.0,0.42857142857142855,-0.5714285714285714,0.596170973579556,0.5307212739772436,-0.0654496996023124,0.5119891715035313,0.45578123961891853,-0.05620793188461276,True,True,0.0,True,True,0.0,True,True,0.0,True,True,0.0,0.3333333333333333,0.0,-0.3333333333333333,0.3333333333333333,0.3333333333333333,0.0,0.3333333333333333,0.3333333333333333,0.0,0.3333333333333333,0.3333333333333333,0.0,0.3333333333333333,0.3333333333333333,0.0
nbs2_high_field_transport,1.0,1.0,0.0,0.7988805459902473,0.4692787260227565,-0.3296018199674908,0.6241688395097846,0.3666495063604039,-0.25751933314938075,True,True,0.0,True,True,0.0,True,True,0.0,True,True,0.0,0.25,0.25,0.0,0.5,0.25,-0.25,0.5,0.25,-0.25,0.4,0.2,-0.2,0.4,0.2,-0.2
nexams-endstation,1.0,0.0,-1.0,0.4692787260227565,0.04229741585226647,-0.42698131017049,0.45610970846684606,0.041110455137790936,-0.41499925332905513,True,False,-1.0,True,False,-1.0,True,False,-1.0,True,False,-1.0,0.3333333333333333,0.0,-0.3333333333333333,0.3333333333333333,0.0,-0.3333333333333333,0.3333333333333333,0.0,-0.3333333333333333,0.3333333333333333,0.0,-0.3333333333333333,0.3333333333333333,0.0,-0.3333333333333333
niO_pt_strip_fabrication_setup,0.0,1.0,1.0,0.2960819109658653,0.4692787260227565,0.17319681505689122,0.24630238874073,0.3903800499921017,0.1440776612513717,False,True,1.0,True,True,0.0,True,True,0.0,True,True,0.0,0.0,0.5,0.5,0.5,0.5,0.0,0.5,0.5,0.0,0.25,0.25,0.0,0.25,0.25,0.0
nickel_mechanism_spectroscopy_setup,1.0,1.0,0.0,0.5027986350243819,1.0,0.49720136497561807,0.36338593422173154,0.7227265726449517,0.3593406384232201,True,True,0.0,True,True,0.0,True,True,0.0,True,True,0.0,0.25,0.25,0.0,0.25,0.5,0.25,0.25,0.5,0.25,0.16666666666666666,0.5,0.33333333333333337,0.16666666666666666,0.5,0.33333333333333337
nmr-polyester-structural-confirmation,0.14285714285714285,0.14285714285714285,0.0,0.08391719931063304,0.08391719931063304,0.0,0.08099012151509755,0.08099012151509755,0.0,False,False,0.0,False,False,0.0,False,False,0.0,False,False,0.0,0.0,0.0,0.0,0.0,0.0,0.0,0.0,0.0,0.0,0.0,0.0,0.0,0.0,0.0,0.0
nmr-polymer-structure,1.0,1.0,0.0,0.4692787260227565,0.4692787260227565,0.0,0.3391602052736161,0.3391602052736161,0.0,True,True,0.0,True,True,0.0,True,True,0.0,True,True,0.0,0.2,0.2,0.0,0.2,0.2,0.0,0.2,0.2,0.0,0.14285714285714285,0.14285714285714285,0.0,0.14285714285714285,0.14285714285714285,0.0
nmr-reaction-monitoring-oxidation-diols,1.0,1.0,0.0,0.4692787260227565,0.7039180890341348,0.23463936301137828,0.3391602052736161,0.5087403079104241,0.169580102636808,True,True,0.0,True,True,0.0,True,True,0.0,True,True,0.0,0.16666666666666666,0.16666666666666666,0.0,0.16666666666666666,0.16666666666666666,0.0,0.16666666666666666,0.16666666666666666,0.0,0.125,0.125,0.0,0.125,0.125,0.0
nmr_da_isomer_tracking,1.0,1.0,0.0,0.7988805459902473,0.5027986350243819,-0.29608191096586534,0.5961157814580222,0.5094542840644379,-0.08666149739358431,True,True,0.0,True,True,0.0,True,True,0.0,True,True,0.0,0.14285714285714285,0.14285714285714285,0.0,0.14285714285714285,0.14285714285714285,0.0,0.14285714285714285,0.2857142857142857,0.14285714285714285,0.1111111111111111,0.1111111111111111,0.0,0.1111111111111111,0.2222222222222222,0.1111111111111111
nonlocal-magnon,0.0,0.0,0.0,0.0,0.033519909001625464,0.033519909001625464,0.0,0.024225728948115435,0.024225728948115435,False,False,0.0,False,False,0.0,False,False,0.0,False,False,0.0,0.0,0.0,0.0,0.0,0.0,0.0,0.0,0.0,0.0,0.0,0.0,0.0,0.0,0.0,0.0
ohmic_contact_annealing_rta,0.14285714285714285,1.0,0.8571428571428572,0.06703981800325093,0.511576141875023,0.44453632387177205,0.05237850090862913,0.39969666103112766,0.34731816012249855,False,True,1.0,False,True,1.0,False,True,1.0,False,True,1.0,0.0,0.3333333333333333,0.3333333333333333,0.0,0.3333333333333333,0.3333333333333333,0.0,0.3333333333333333,0.3333333333333333,0.0,0.16666666666666666,0.16666666666666666,0.0,0.16666666666666666,0.16666666666666666
opd_equipment_jv,1.0,1.0,0.0,0.4692787260227565,0.4692787260227565,0.0,0.42180386727424835,0.42180386727424835,0.0,True,True,0.0,True,True,0.0,True,True,0.0,True,True,0.0,0.3333333333333333,0.3333333333333333,0.0,0.3333333333333333,0.3333333333333333,0.0,0.3333333333333333,0.3333333333333333,0.0,0.25,0.25,0.0,0.25,0.25,0.0
optical_endoscopy_detection,1.0,0.0,-1.0,0.4692787260227565,0.0,-0.4692787260227565,0.3391602052736161,0.16481193234446956,-0.17434827292914656,True,False,-1.0,True,False,-1.0,True,True,0.0,True,False,-1.0,0.3333333333333333,0.0,-0.3333333333333333,0.3333333333333333,0.0,-0.3333333333333333,0.3333333333333333,0.3333333333333333,0.0,0.1111111111111111,0.0,-0.1111111111111111,0.1111111111111111,0.1111111111111111,0.0
optical_real_time_guidance,1.0,1.0,0.0,0.4692787260227565,0.4692787260227565,0.0,0.3391602052736161,0.3391602052736161,0.0,True,True,0.0,True,True,0.0,True,True,0.0,True,True,0.0,0.3333333333333333,0.3333333333333333,0.0,0.3333333333333333,0.3333333333333333,0.0,0.3333333333333333,0.3333333333333333,0.0,0.1111111111111111,0.1111111111111111,0.0,0.1111111111111111,0.1111111111111111,0.0
optical_response_metavalent,1.0,1.0,0.0,0.7653606369886218,0.8659203639934981,0.10055972700487636,0.5531464700081437,0.6466905639728766,0.09354409396473296,True,True,0.0,True,True,0.0,True,True,0.0,True,True,0.0,0.0,0.0,0.0,0.3333333333333333,0.3333333333333333,0.0,0.3333333333333333,0.3333333333333333,0.0,0.2857142857142857,0.42857142857142855,0.14285714285714285,0.2857142857142857,0.42857142857142855,0.14285714285714285
optical_spin_injection,0.0,0.0,0.0,0.2960819109658653,0.04229741585226647,-0.2537844951135988,0.21398626473452756,0.030569466390646793,-0.18341679834388078,False,False,0.0,True,False,-1.0,True,False,-1.0,True,False,-1.0,0.0,0.0,0.0,0.0,0.0,0.0,0.0,0.0,0.0,0.14285714285714285,0.0,-0.14285714285714285,0.14285714285714285,0.0,-0.14285714285714285
optical_standardization_quantification,0.0,0.0,0.0,0.04229741585226647,0.0,-0.04229741585226647,0.17488654547740493,0.0,-0.17488654547740493,False,False,0.0,False,False,0.0,True,False,-1.0,False,False,0.0,0.0,0.0,0.0,0.0,0.0,0.0,0.3333333333333333,0.0,-0.3333333333333333,0.0,0.0,0.0,0.16666666666666666,0.0,-0.16666666666666666
optical_trap_microscopy,0.0,1.0,1.0,0.0,0.7039180890341348,0.7039180890341348,0.13120507751234178,0.5087403079104241,0.37753523039808234,False,True,1.0,False,True,1.0,True,True,0.0,False,True,1.0,0.0,0.0,0.0,0.0,0.0,0.0,0.0,0.0,0.0,0.0,0.3333333333333333,0.3333333333333333,0.16666666666666666,0.3333333333333333,0.16666666666666666
osc_char_01,0.0,0.0,0.0,0.04229741585226647,0.0,-0.04229741585226647,0.030569466390646793,0.0,-0.030569466390646793,False,False,0.0,False,False,0.0,False,False,0.0,False,False,0.0,0.0,0.0,0.0,0.0,0.0,0.0,0.0,0.0,0.0,0.0,0.0,0.0,0.0,0.0,0.0
oscillatory_shear_md,1.0,1.0,0.0,0.4692787260227565,0.4692787260227565,0.0,0.3391602052736161,0.3391602052736161,0.0,True,True,0.0,True,True,0.0,True,True,0.0,True,True,0.0,0.0,0.0,0.0,0.0,0.0,0.0,0.0,0.0,0.0,0.06666666666666667,0.06666666666666667,0.0,0.06666666666666667,0.06666666666666667,0.0
ot_force_spectroscopy_dual_trap,1.0,0.0,-1.0,0.4692787260227565,0.0,-0.4692787260227565,0.3666495063604039,0.0,-0.3666495063604039,True,False,-1.0,True,False,-1.0,True,False,-1.0,True,False,-1.0,0.5,0.0,-0.5,0.5,0.0,-0.5,0.5,0.0,-0.5,0.16666666666666666,0.0,-0.16666666666666666,0.16666666666666666,0.0,-0.16666666666666666
p1_ppms_polarization,1.0,0.0,-1.0,0.5874203951744313,0.04195859965531652,-0.5454617955191148,0.5874203951744313,0.04195859965531652,-0.5454617955191148,True,False,-1.0,True,False,-1.0,True,False,-1.0,True,False,-1.0,0.5,0.0,-0.5,0.5,0.0,-0.5,0.5,0.0,-0.5,0.5,0.0,-0.5,0.5,0.0,-0.5
pa_hydrogenation_tof_setup,1.0,1.0,0.0,0.7988805459902473,1.0,0.20111945400975273,0.5982391060766458,0.8539316501572934,0.2556925440806477,True,True,0.0,True,True,0.0,True,True,0.0,True,True,0.0,0.1,0.1,0.0,0.2,0.1,-0.1,0.2,0.1,-0.1,0.16666666666666666,0.16666666666666666,0.0,0.16666666666666666,0.16666666666666666,0.0
parr-batch-hydrogenation-gc,1.0,1.0,0.0,0.7988805459902473,0.7653606369886218,-0.03351990900162549,0.5773721989562591,0.5531464700081437,-0.024225728948115477,True,True,0.0,True,True,0.0,True,True,0.0,True,True,0.0,0.14285714285714285,0.14285714285714285,0.0,0.2857142857142857,0.2857142857142857,0.0,0.2857142857142857,0.2857142857142857,0.0,0.2857142857142857,0.2857142857142857,0.0,0.2857142857142857,0.2857142857142857,0.0
pbscqd_optical_stability_setup,0.0,1.0,1.0,0.2960819109658653,0.4692787260227565,0.17319681505689122,0.21398626473452756,0.3391602052736161,0.12517394053908856,False,True,1.0,True,True,0.0,True,True,0.0,True,True,0.0,0.0,0.3333333333333333,0.3333333333333333,0.3333333333333333,0.3333333333333333,0.0,0.3333333333333333,0.3333333333333333,0.0,0.125,0.125,0.0,0.125,0.125,0.0
pbte_xrd_orientation,0.0,1.0,1.0,0.3296018199674907,0.5027986350243819,0.17319681505689122,0.31247594466183803,0.47667357683104655,0.16419763216920852,False,True,1.0,True,True,0.0,True,True,0.0,True,True,0.0,0.0,0.3333333333333333,0.3333333333333333,0.3333333333333333,0.3333333333333333,0.0,0.3333333333333333,0.3333333333333333,0.0,0.3333333333333333,0.3333333333333333,0.0,0.3333333333333333,0.3333333333333333,0.0
pcdtbt_smpl,1.0,0.0,-1.0,0.4692787260227565,0.033519909001625464,-0.43575881702113106,0.4448953383756435,0.031778238455403104,-0.41311709992024037,True,False,-1.0,True,False,-1.0,True,False,-1.0,True,False,-1.0,0.3333333333333333,0.0,-0.3333333333333333,0.3333333333333333,0.0,-0.3333333333333333,0.3333333333333333,0.0,-0.3333333333333333,0.3333333333333333,0.0,-0.3333333333333333,0.3333333333333333,0.0,-0.3333333333333333
pcm_property_fingerprint,0.0,1.0,1.0,0.2960819109658653,0.7039180890341348,0.4078361780682695,0.21398626473452756,0.5296072150308109,0.31562095029628334,False,True,1.0,True,True,0.0,True,True,0.0,True,True,0.0,0.0,0.16666666666666666,0.16666666666666666,0.0,0.3333333333333333,0.3333333333333333,0.0,0.3333333333333333,0.3333333333333333,0.09090909090909091,0.18181818181818182,0.09090909090909091,0.09090909090909091,0.18181818181818182,0.09090909090909091
pcm_thinfilm_tx,0.0,0.42857142857142855,0.42857142857142855,0.0,0.5626510645779305,0.5626510645779305,0.056230747505289336,0.5527112253401475,0.49648047783485816,False,True,1.0,False,True,1.0,True,True,0.0,False,True,1.0,0.0,0.0,0.0,0.0,0.14285714285714285,0.14285714285714285,0.0,0.2857142857142857,0.2857142857142857,0.0,0.23076923076923078,0.23076923076923078,0.07692307692307693,0.3076923076923077,0.23076923076923078
pd-noise-nep,0.0,1.0,1.0,0.0,0.8659203639934981,0.8659203639934981,0.0,0.7718920066951964,0.7718920066951964,False,True,1.0,False,True,1.0,False,True,1.0,False,True,1.0,0.0,0.3333333333333333,0.3333333333333333,0.0,0.3333333333333333,0.3333333333333333,0.0,0.3333333333333333,0.3333333333333333,0.0,0.3333333333333333,0.3333333333333333,0.0,0.4444444444444444,0.4444444444444444
pd-responsivity-eqe,0.42857142857142855,0.0,-0.42857142857142855,0.20111945400975278,0.2960819109658653,0.0949624569561125,0.1453543736886926,0.23272984723629067,0.08737547354759806,True,False,-1.0,True,True,0.0,True,True,0.0,False,True,1.0,0.0,0.0,0.0,0.0,0.3333333333333333,0.3333333333333333,0.0,0.3333333333333333,0.3333333333333333,0.09090909090909091,0.09090909090909091,0.0,0.09090909090909091,0.09090909090909091,0.0
pd-speed-stability,0.14285714285714285,0.0,-0.14285714285714285,0.06703981800325093,0.2960819109658653,0.22904209296261435,0.04845145789623087,0.21398626473452756,0.1655348068382967,False,False,0.0,False,True,1.0,False,True,1.0,False,True,1.0,0.0,0.0,0.0,0.0,0.0,0.0,0.0,0.0,0.0,0.0,0.09090909090909091,0.09090909090909091,0.0,0.09090909090909091,0.09090909090909091
pda_formation_xps,1.0,1.0,0.0,0.511576141875023,0.4692787260227565,-0.042297415852266484,0.3697296716642629,0.3391602052736161,-0.030569466390646782,True,True,0.0,True,True,0.0,True,True,0.0,True,True,0.0,0.2,0.2,0.0,0.2,0.2,0.0,0.2,0.2,0.0,0.14285714285714285,0.14285714285714285,0.0,0.14285714285714285,0.14285714285714285,0.0
peaf_analytical_setup,1.0,1.0,0.0,0.5698384530276329,1.0,0.4301615469723671,0.6891108194730107,0.7227265726449517,0.03361575317194099,True,True,0.0,True,True,0.0,True,True,0.0,True,True,0.0,0.0,0.0,0.0,0.0,0.0,0.0,0.0,0.0,0.0,0.08695652173913043,0.13043478260869565,0.043478260869565216,0.17391304347826086,0.13043478260869565,-0.043478260869565216
pef_recycling_degradation_analysis,0.0,0.0,0.0,0.3615316105681776,0.2960819109658653,-0.06544969960231234,0.28215540892913504,0.360054614577234,0.07789920564809893,False,False,0.0,True,True,0.0,True,True,0.0,True,True,0.0,0.0,0.0,0.0,0.0,0.0,0.0,0.0,0.25,0.25,0.2,0.1,-0.1,0.2,0.2,0.0
pef_thermal_crystallization,1.0,1.0,0.0,0.596170973579556,0.4692787260227565,-0.12689224755679945,0.4308686044455565,0.4162578598992921,-0.014610744546264431,True,True,0.0,True,True,0.0,True,True,0.0,True,True,0.0,0.3333333333333333,0.3333333333333333,0.0,0.3333333333333333,0.3333333333333333,0.0,0.3333333333333333,0.3333333333333333,0.0,0.2,0.1,-0.1,0.2,0.2,0.0
perovskite_trpl_setup,0.0,0.0,0.0,0.0,0.23463936301137825,0.23463936301137825,0.0,0.2258108501420974,0.2258108501420974,False,False,0.0,False,True,1.0,False,True,1.0,False,True,1.0,0.0,0.0,0.0,0.0,0.3333333333333333,0.3333333333333333,0.0,0.3333333333333333,0.3333333333333333,0.0,0.14285714285714285,0.14285714285714285,0.0,0.2857142857142857,0.2857142857142857
pest_control_surface_retention,1.0,1.0,0.0,0.7653606369886218,0.7653606369886218,0.0,0.5531464700081437,0.5531464700081437,0.0,True,True,0.0,True,True,0.0,True,True,0.0,True,True,0.0,0.0,0.3333333333333333,0.3333333333333333,0.3333333333333333,0.3333333333333333,0.0,0.3333333333333333,0.3333333333333333,0.0,0.14285714285714285,0.14285714285714285,0.0,0.14285714285714285,0.14285714285714285,0.0
piv-flow-cilia,1.0,1.0,0.0,0.4692787260227565,0.4692787260227565,0.0,0.40564675264234756,0.382135764664834,-0.023510987977513553,True,True,0.0,True,True,0.0,True,True,0.0,True,True,0.0,0.25,0.25,0.0,0.25,0.25,0.0,0.25,0.25,0.0,0.25,0.25,0.0,0.25,0.25,0.0
plasma_diagnostics_lpp,1.0,1.0,0.0,1.0,1.0,0.0,0.7227265726449517,0.7853272940061117,0.06260072136116002,True,True,0.0,True,True,0.0,True,True,0.0,True,True,0.0,0.3333333333333333,0.3333333333333333,0.0,0.3333333333333333,0.3333333333333333,0.0,0.3333333333333333,0.3333333333333333,0.0,0.3333333333333333,0.2222222222222222,-0.1111111111111111,0.3333333333333333,0.3333333333333333,0.0
plasma_processing_iaedf,0.0,1.0,1.0,0.2960819109658653,0.8308103365909342,0.5347284256250688,0.21398626473452756,0.746517056925071,0.5325307921905434,False,True,1.0,True,True,0.0,True,True,0.0,True,True,0.0,0.0,0.3333333333333333,0.3333333333333333,0.0,0.3333333333333333,0.3333333333333333,0.0,0.3333333333333333,0.3333333333333333,0.1,0.3,0.19999999999999998,0.1,0.3,0.19999999999999998
pld-growth-smnio3-bto,0.14285714285714285,1.0,0.8571428571428572,0.3631217289691162,0.5450960508766485,0.18197432190753227,0.3263863053597219,0.48995108779881313,0.16356478243909123,False,True,1.0,True,True,0.0,True,True,0.0,True,True,0.0,0.0,0.3333333333333333,0.3333333333333333,0.3333333333333333,0.3333333333333333,0.0,0.3333333333333333,0.3333333333333333,0.0,0.25,0.25,0.0,0.25,0.25,0.0
pld-hea-thinfilm-deposition,1.0,1.0,0.0,0.4692787260227565,0.4692787260227565,0.0,0.3666495063604039,0.4343240838255214,0.06767457746511751,True,True,0.0,True,True,0.0,True,True,0.0,True,True,0.0,0.25,0.25,0.0,0.25,0.25,0.0,0.25,0.25,0.0,0.2,0.2,0.0,0.2,0.4,0.2
pld_csni3_deposition,1.0,1.0,0.0,0.511576141875023,0.4692787260227565,-0.042297415852266484,0.49722016360463706,0.45610970846684606,-0.04111045513779099,True,True,0.0,True,True,0.0,True,True,0.0,True,True,0.0,0.3333333333333333,0.3333333333333333,0.0,0.3333333333333333,0.3333333333333333,0.0,0.3333333333333333,0.3333333333333333,0.0,0.3333333333333333,0.3333333333333333,0.0,0.3333333333333333,0.3333333333333333,0.0
pld_sro_sto_growth,1.0,1.0,0.0,0.8617599676775869,0.541942129480027,-0.31981783819755993,0.7626332134101116,0.47960346638230267,-0.2830297470278089,True,True,0.0,True,True,0.0,True,True,0.0,True,True,0.0,0.5,0.5,0.0,0.5,0.5,0.0,0.5,0.5,0.0,0.25,0.25,0.0,0.25,0.25,0.0
plectasin_hsafm_01,1.0,0.0,-1.0,0.4692787260227565,0.3296018199674907,-0.13967690605526578,0.3391602052736161,0.23821199368264298,-0.10094821159097314,True,False,-1.0,True,True,0.0,True,True,0.0,True,True,0.0,0.25,0.0,-0.25,0.25,0.25,0.0,0.25,0.25,0.0,0.1111111111111111,0.1111111111111111,0.0,0.1111111111111111,0.1111111111111111,0.0
pnzt-ferroelectric-piezoelectric-setup,0.0,0.0,0.0,0.0,0.0,0.0,0.0,0.0,0.0,False,False,0.0,False,False,0.0,False,False,0.0,False,False,0.0,0.0,0.0,0.0,0.0,0.0,0.0,0.0,0.0,0.0,0.0,0.0,0.0,0.0,0.0,0.0
polyester_thermal_mechanics,1.0,1.0,0.0,1.0,1.0,0.0,0.7227265726449517,0.7435934797653384,0.020866907120386746,True,True,0.0,True,True,0.0,True,True,0.0,True,True,0.0,0.16666666666666666,0.16666666666666666,0.0,0.3333333333333333,0.3333333333333333,0.0,0.3333333333333333,0.3333333333333333,0.0,0.25,0.25,0.0,0.25,0.25,0.0
pp_meso_alpha_in_situ_saxs_waxs_raman,0.0,0.0,0.0,0.0,0.0,0.0,0.0,0.020866907120386635,0.020866907120386635,False,False,0.0,False,False,0.0,False,False,0.0,False,False,0.0,0.0,0.0,0.0,0.0,0.0,0.0,0.0,0.0,0.0,0.0,0.0,0.0,0.0,0.0,0.0
prl134-093002-rfa,0.0,0.14285714285714285,0.14285714285714285,0.0,0.08391719931063304,0.08391719931063304,0.0,0.08391719931063304,0.08391719931063304,False,False,0.0,False,False,0.0,False,False,0.0,False,False,0.0,0.0,0.0,0.0,0.0,0.0,0.0,0.0,0.0,0.0,0.0,0.0,0.0,0.0,0.0,0.0
probe_station_iv_it_doped_osc,0.0,0.0,0.0,0.0,0.2960819109658653,0.2960819109658653,0.0,0.2806977062064349,0.2806977062064349,False,False,0.0,False,True,1.0,False,True,1.0,False,True,1.0,0.0,0.0,0.0,0.0,0.3333333333333333,0.3333333333333333,0.0,0.3333333333333333,0.3333333333333333,0.0,0.3333333333333333,0.3333333333333333,0.0,0.3333333333333333,0.3333333333333333
psc_impedance_mobility,1.0,1.0,0.0,0.4692787260227565,0.4692787260227565,0.0,0.3391602052736161,0.3391602052736161,0.0,True,True,0.0,True,True,0.0,True,True,0.0,True,True,0.0,0.2,0.2,0.0,0.2,0.2,0.0,0.2,0.2,0.0,0.14285714285714285,0.14285714285714285,0.0,0.14285714285714285,0.14285714285714285,0.0
psc_interface_recomb,0.0,1.0,1.0,0.2960819109658653,1.0,0.7039180890341348,0.21398626473452756,0.7227265726449517,0.5087403079104241,False,True,1.0,True,True,0.0,True,True,0.0,True,True,0.0,0.0,0.0,0.0,0.0,0.0,0.0,0.0,0.0,0.0,0.1,0.2,0.1,0.1,0.2,0.1
psc_morphology,0.0,1.0,1.0,0.0,1.0,1.0,0.0,0.7853272940061117,0.7853272940061117,False,True,1.0,False,True,1.0,False,True,1.0,False,True,1.0,0.0,0.3333333333333333,0.3333333333333333,0.0,0.3333333333333333,0.3333333333333333,0.0,0.3333333333333333,0.3333333333333333,0.0,0.2,0.2,0.0,0.3,0.3
psc_stability,0.0,1.0,1.0,0.0,0.7653606369886218,0.7653606369886218,0.0,0.5531464700081437,0.5531464700081437,False,True,1.0,False,True,1.0,False,True,1.0,False,True,1.0,0.0,0.0,0.0,0.0,0.5,0.5,0.0,0.5,0.5,0.0,0.25,0.25,0.0,0.25,0.25
pulse_bcc_tx,1.0,1.0,0.0,0.4692787260227565,0.4692787260227565,0.0,0.3391602052736161,0.3391602052736161,0.0,True,True,0.0,True,True,0.0,True,True,0.0,True,True,0.0,0.2,0.2,0.0,0.2,0.2,0.0,0.2,0.2,0.0,0.14285714285714285,0.14285714285714285,0.0,0.14285714285714285,0.14285714285714285,0.0
pv-efficiency-validation,1.0,1.0,0.0,0.4692787260227565,0.511576141875023,0.042297415852266484,0.3391602052736161,0.4323303930254228,0.09317018775180669,True,True,0.0,True,True,0.0,True,True,0.0,True,True,0.0,0.14285714285714285,0.14285714285714285,0.0,0.14285714285714285,0.14285714285714285,0.0,0.14285714285714285,0.14285714285714285,0.0,0.09090909090909091,0.09090909090909091,0.0,0.09090909090909091,0.18181818181818182,0.09090909090909091
pv-spectroscopy-ftir,0.0,1.0,1.0,0.0,0.4692787260227565,0.4692787260227565,0.0,0.3391602052736161,0.3391602052736161,False,True,1.0,False,True,1.0,False,True,1.0,False,True,1.0,0.0,0.16666666666666666,0.16666666666666666,0.0,0.16666666666666666,0.16666666666666666,0.0,0.16666666666666666,0.16666666666666666,0.0,0.16666666666666666,0.16666666666666666,0.0,0.16666666666666666,0.16666666666666666
pv-stability-tracking,0.0,1.0,1.0,0.033519909001625464,0.7039180890341348,0.6703981800325093,0.026189250454314566,0.570237029655846,0.5440477792015315,False,True,1.0,False,True,1.0,False,True,1.0,False,True,1.0,0.0,0.0,0.0,0.0,0.3333333333333333,0.3333333333333333,0.0,0.3333333333333333,0.3333333333333333,0.0,0.25,0.25,0.0,0.25,0.25
pv-transparency-benchmark,0.0,1.0,1.0,0.0,0.511576141875023,0.511576141875023,0.0,0.3697296716642629,0.3697296716642629,False,True,1.0,False,True,1.0,False,True,1.0,False,True,1.0,0.0,0.3333333333333333,0.3333333333333333,0.0,0.3333333333333333,0.3333333333333333,0.0,0.3333333333333333,0.3333333333333333,0.0,0.125,0.125,0.0,0.125,0.125
pv_multijunction_001,1.0,0.42857142857142855,-0.5714285714285714,0.7653606369886218,0.49720136497561807,-0.2681592720130037,0.5531464700081437,0.35934063842322017,-0.19380583158492348,True,True,0.0,True,True,0.0,True,True,0.0,True,True,0.0,0.0,0.0,0.0,0.3333333333333333,0.0,-0.3333333333333333,0.3333333333333333,0.0,-0.3333333333333333,0.2,0.2,0.0,0.2,0.2,0.0
pv_multijunction_eqe,1.0,1.0,0.0,0.4692787260227565,0.6967307005844323,0.22745197456167582,0.3391602052736161,0.5035457912899028,0.16438558601628672,True,True,0.0,True,True,0.0,True,True,0.0,True,True,0.0,0.3333333333333333,0.0,-0.3333333333333333,0.3333333333333333,0.0,-0.3333333333333333,0.3333333333333333,0.0,-0.3333333333333333,0.14285714285714285,0.42857142857142855,0.2857142857142857,0.14285714285714285,0.42857142857142855,0.2857142857142857
pv_sclc_setup,0.0,0.0,0.0,0.0,0.0,0.0,0.0,0.0,0.0,False,False,0.0,False,False,0.0,False,False,0.0,False,False,0.0,0.0,0.0,0.0,0.0,0.0,0.0,0.0,0.0,0.0,0.0,0.0,0.0,0.0,0.0,0.0
pv_stability_001,1.0,0.0,-1.0,0.7653606369886218,0.5307212739772436,-0.23463936301137822,0.5531464700081437,0.6608397947263838,0.10769332471824011,True,False,-1.0,True,True,0.0,True,True,0.0,True,True,0.0,0.3333333333333333,0.0,-0.3333333333333333,0.3333333333333333,0.3333333333333333,0.0,0.3333333333333333,0.3333333333333333,0.0,0.09090909090909091,0.18181818181818182,0.09090909090909091,0.09090909090909091,0.2727272727272727,0.1818181818181818
pv_stability_mpp,0.0,0.42857142857142855,0.42857142857142855,0.0,0.7318407279869963,0.7318407279869963,0.0,0.5476643235617913,0.5476643235617913,False,True,1.0,False,True,1.0,False,True,1.0,False,True,1.0,0.0,0.0,0.0,0.0,0.5,0.5,0.0,0.5,0.5,0.0,0.2727272727272727,0.2727272727272727,0.0,0.2727272727272727,0.2727272727272727
pv_tandem_eqe,0.0,1.0,1.0,0.0,0.7988805459902473,0.7988805459902473,0.0,0.5773721989562591,0.5773721989562591,False,True,1.0,False,True,1.0,False,True,1.0,False,True,1.0,0.0,0.3333333333333333,0.3333333333333333,0.0,0.3333333333333333,0.3333333333333333,0.0,0.3333333333333333,0.3333333333333333,0.0,0.18181818181818182,0.18181818181818182,0.0,0.18181818181818182,0.18181818181818182
pv_transparency_lue,1.0,1.0,0.0,0.7653606369886218,0.7653606369886218,0.0,0.5531464700081437,0.5718900525099068,0.018743582501763112,True,True,0.0,True,True,0.0,True,True,0.0,True,True,0.0,0.16666666666666666,0.2,0.033333333333333354,0.16666666666666666,0.2,0.033333333333333354,0.16666666666666666,0.2,0.033333333333333354,0.2,0.15384615384615385,-0.046153846153846156,0.2,0.15384615384615385,-0.046153846153846156
pv_transparent_001,1.0,1.0,0.0,0.4692787260227565,1.0,0.5307212739772436,0.3391602052736161,0.8687949224876581,0.529634717214042,True,True,0.0,True,True,0.0,True,True,0.0,True,True,0.0,0.0,0.25,0.25,0.0,0.25,0.25,0.0,0.25,0.25,0.1,0.2,0.1,0.1,0.3,0.19999999999999998
pvd_coating_system,0.42857142857142855,0.42857142857142855,0.0,0.20111945400975278,0.20111945400975278,0.0,0.1571355027258874,0.31504285014449473,0.15790734741860735,True,True,0.0,True,True,0.0,True,True,0.0,False,False,0.0,0.0,0.0,0.0,0.0,0.0,0.0,0.0,0.25,0.25,0.16666666666666666,0.16666666666666666,0.0,0.16666666666666666,0.3333333333333333,0.16666666666666666
pxrd-field-dependent-structural-check,1.0,0.14285714285714285,-0.8571428571428572,0.511576141875023,0.19393206556005033,-0.31764407631497266,0.43933947918820293,0.18882053492656412,-0.2505189442616388,True,False,-1.0,True,True,0.0,True,True,0.0,True,False,-1.0,0.3333333333333333,0.0,-0.3333333333333333,0.3333333333333333,0.0,-0.3333333333333333,0.3333333333333333,0.0,-0.3333333333333333,0.16666666666666666,0.16666666666666666,0.0,0.16666666666666666,0.16666666666666666,0.0
q1,1.0,1.0,0.0,0.4692787260227565,0.4692787260227565,0.0,0.3391602052736161,0.3666495063604039,0.027489301086787765,True,True,0.0,True,True,0.0,True,True,0.0,True,True,0.0,0.0,0.25,0.25,0.0,0.25,0.25,0.0,0.25,0.25,0.125,0.16666666666666666,0.04166666666666666,0.125,0.16666666666666666,0.04166666666666666
q1_3d_printing_warping,1.0,1.0,0.0,0.4692787260227565,0.7039180890341348,0.23463936301137828,0.40301463303053875,0.6045219495458081,0.20150731651526932,True,True,0.0,True,True,0.0,True,True,0.0,True,True,0.0,0.5,0.5,0.0,0.5,0.5,0.0,0.5,0.5,0.0,0.2,0.2,0.0,0.2,0.2,0.0
q1_atr_ftir_polyester_esterification,1.0,1.0,0.0,0.4692787260227565,0.4692787260227565,0.0,0.40301463303053875,0.40301463303053875,0.0,True,True,0.0,True,True,0.0,True,True,0.0,True,True,0.0,0.3333333333333333,0.3333333333333333,0.0,0.3333333333333333,0.3333333333333333,0.0,0.3333333333333333,0.3333333333333333,0.0,0.14285714285714285,0.14285714285714285,0.0,0.14285714285714285,0.14285714285714285,0.0
q1_batch_hydrogenation_reactor,1.0,1.0,0.0,0.541942129480027,0.541942129480027,0.0,0.4554594382818066,0.4554594382818066,0.0,True,True,0.0,True,True,0.0,True,True,0.0,True,True,0.0,0.5,0.5,0.0,0.5,0.5,0.0,0.5,0.5,0.0,0.2,0.2,0.0,0.2,0.2,0.0
q1_below_gap_pl_setup,1.0,0.0,-1.0,0.8659203639934981,0.0,-0.8659203639934981,0.62582365685249,0.018743582501763112,-0.6070800743507269,True,False,-1.0,True,False,-1.0,True,False,-1.0,True,False,-1.0,0.25,0.0,-0.25,0.5,0.0,-0.5,0.5,0.0,-0.5,0.375,0.0,-0.375,0.375,0.0,-0.375
q1_blade_coating_setup,1.0,0.14285714285714285,-0.8571428571428572,0.4692787260227565,0.42857142857142855,-0.04070729745132795,0.40301463303053875,0.36805537399262456,-0.03495925903791419,True,False,-1.0,True,True,0.0,True,True,0.0,True,True,0.0,0.3333333333333333,0.0,-0.3333333333333333,0.3333333333333333,0.3333333333333333,0.0,0.3333333333333333,0.3333333333333333,0.0,0.2,0.4,0.2,0.2,0.4,0.2
q1_charge_to_spin_conversion_calc_setup,1.0,0.0,-1.0,0.4692787260227565,0.0,-0.4692787260227565,0.40301463303053875,0.0,-0.40301463303053875,True,False,-1.0,True,False,-1.0,True,False,-1.0,True,False,-1.0,0.5,0.0,-0.5,0.5,0.0,-0.5,0.5,0.0,-0.5,0.2,0.0,-0.2,0.2,0.0,-0.2
q1_confocal_tcspc_transport,1.0,1.0,0.0,0.7988805459902473,0.7988805459902473,0.0,0.5773721989562591,0.5773721989562591,0.0,True,True,0.0,True,True,0.0,True,True,0.0,True,True,0.0,0.25,0.25,0.0,0.25,0.5,0.25,0.25,0.5,0.25,0.25,0.25,0.0,0.25,0.25,0.0
q1_cryo_tem_assembly,1.0,1.0,0.0,0.4692787260227565,0.4692787260227565,0.0,0.382135764664834,0.5299660579701432,0.14783029330530917,True,True,0.0,True,True,0.0,True,True,0.0,True,True,0.0,0.3333333333333333,0.3333333333333333,0.0,0.3333333333333333,0.3333333333333333,0.0,0.3333333333333333,0.3333333333333333,0.0,0.25,0.25,0.0,0.25,0.25,0.0
q1_cryo_tem_inner_nanotube,1.0,1.0,0.0,0.5027986350243819,0.4692787260227565,-0.033519909001625436,0.4519327149366947,0.42180386727424835,-0.030128847662446334,True,True,0.0,True,True,0.0,True,True,0.0,True,True,0.0,0.3333333333333333,0.3333333333333333,0.0,0.3333333333333333,0.3333333333333333,0.0,0.3333333333333333,0.3333333333333333,0.0,0.25,0.25,0.0,0.25,0.25,0.0
q1_cryogenic_magneto_pl,1.0,1.0,0.0,0.7653606369886218,0.7462155048864012,-0.019145132102220574,0.5531464700081437,0.539309774301071,-0.013836695707072688,True,True,0.0,True,True,0.0,True,True,0.0,True,True,0.0,0.25,0.25,0.0,0.5,0.25,-0.25,0.5,0.25,-0.25,0.2857142857142857,0.14285714285714285,-0.14285714285714285,0.2857142857142857,0.14285714285714285,-0.14285714285714285
q1_current_controlled_memristor_setup,0.0,0.0,0.0,0.0,0.23463936301137825,0.23463936301137825,0.0,0.21090193363712417,0.21090193363712417,False,False,0.0,False,True,1.0,False,True,1.0,False,True,1.0,0.0,0.0,0.0,0.0,0.3333333333333333,0.3333333333333333,0.0,0.3333333333333333,0.3333333333333333,0.0,0.25,0.25,0.0,0.25,0.25
q1_dls,1.0,1.0,0.0,0.4692787260227565,0.4692787260227565,0.0,0.42180386727424835,0.42180386727424835,0.0,True,True,0.0,True,True,0.0,True,True,0.0,True,True,0.0,0.3333333333333333,0.3333333333333333,0.0,0.3333333333333333,0.3333333333333333,0.0,0.3333333333333333,0.3333333333333333,0.0,0.25,0.25,0.0,0.25,0.25,0.0
q1_dsc,1.0,1.0,0.0,0.7039180890341348,0.4692787260227565,-0.23463936301137828,0.573203646997251,0.382135764664834,-0.191067882332417,True,True,0.0,True,True,0.0,True,True,0.0,True,True,0.0,0.25,0.25,0.0,0.25,0.25,0.0,0.25,0.25,0.0,0.25,0.25,0.0,0.25,0.25,0.0
q1_eis_throughplane_pem,0.0,1.0,1.0,0.2960819109658653,0.7653606369886218,0.4692787260227565,0.21398626473452756,0.5531464700081437,0.3391602052736161,False,True,1.0,True,True,0.0,True,True,0.0,True,True,0.0,0.0,0.25,0.25,0.25,0.25,0.0,0.25,0.25,0.0,0.14285714285714285,0.2857142857142857,0.14285714285714285,0.14285714285714285,0.2857142857142857,0.14285714285714285
q1_extrusion_compounding_setup,,1.0,,,0.4692787260227565,,,0.3391602052736161,,,True,,,True,,,True,,,True,,,0.25,,,0.25,,,0.25,,,0.16666666666666666,,,0.16666666666666666,
q1_femtoprint_f200,1.0,1.0,0.0,0.7452525342261976,0.7452525342261976,0.0,0.7452525342261976,0.7452525342261976,0.0,True,True,0.0,True,True,0.0,True,True,0.0,True,True,0.0,1.0,1.0,0.0,1.0,1.0,0.0,1.0,1.0,0.0,0.5,0.5,0.0,0.5,0.5,0.0
q1_giwaxs_htl_rpp_orientation,1.0,1.0,0.0,0.541942129480027,0.5907889029375734,0.0488467734575464,0.47960346638230267,0.5228314802189602,0.04322801383665753,True,True,0.0,True,True,0.0,True,True,0.0,True,True,0.0,0.5,0.5,0.0,0.5,0.5,0.0,0.5,0.5,0.0,0.25,0.25,0.0,0.25,0.25,0.0
q1_homebuilt_teg_char,1.0,0.0,-1.0,0.4692787260227565,0.0,-0.4692787260227565,0.3666495063604039,0.0,-0.3666495063604039,True,False,-1.0,True,False,-1.0,True,False,-1.0,True,False,-1.0,0.25,0.0,-0.25,0.25,0.0,-0.25,0.25,0.0,-0.25,0.16666666666666666,0.0,-0.16666666666666666,0.16666666666666666,0.0,-0.16666666666666666
q1_htxrd_furnace,1.0,0.42857142857142855,-0.5714285714285714,0.4692787260227565,0.20111945400975278,-0.2681592720130037,0.40301463303053875,0.19751612201406002,-0.20549851101647873,True,True,0.0,True,True,0.0,True,True,0.0,True,False,-1.0,0.3333333333333333,0.0,-0.3333333333333333,0.3333333333333333,0.0,-0.3333333333333333,0.3333333333333333,0.0,-0.3333333333333333,0.2,0.2,0.0,0.2,0.2,0.0
q1_iDPC_STEM,0.14285714285714285,0.0,-0.14285714285714285,0.10055972700487639,0.0,-0.10055972700487639,0.0726771868443463,0.0,-0.0726771868443463,False,False,0.0,False,False,0.0,False,False,0.0,False,False,0.0,0.0,0.0,0.0,0.0,0.0,0.0,0.0,0.0,0.0,0.0,0.0,0.0,0.0,0.0,0.0
q1_in_situ_heating_stem,1.0,1.0,0.0,1.0,0.7653606369886218,-0.23463936301137822,0.8687949224876581,0.6843515475204854,-0.18444337496717267,True,True,0.0,True,True,0.0,True,True,0.0,True,True,0.0,0.125,0.125,0.0,0.375,0.25,-0.125,0.5,0.25,-0.25,0.3,0.2,-0.09999999999999998,0.4,0.2,-0.2
q1_interferometer_shape_measurement,0.14285714285714285,0.14285714285714285,0.0,0.3631217289691162,0.06703981800325093,-0.2960819109658653,0.28370858360369533,0.05237850090862913,-0.2313300826950662,False,False,0.0,True,False,-1.0,True,False,-1.0,True,False,-1.0,0.0,0.0,0.0,0.25,0.0,-0.25,0.25,0.0,-0.25,0.16666666666666666,0.0,-0.16666666666666666,0.16666666666666666,0.0,-0.16666666666666666
q1_kpfm_htl_wf,0.0,0.14285714285714285,0.14285714285714285,0.2960819109658653,0.39664163797074165,0.10055972700487636,0.25427392310364916,0.3406342016101932,0.08636027850654404,False,False,0.0,True,True,0.0,True,True,0.0,True,True,0.0,0.0,0.0,0.0,0.3333333333333333,0.3333333333333333,0.0,0.3333333333333333,0.3333333333333333,0.0,0.2,0.2,0.0,0.2,0.2,0.0
q1_ldv_electromech,0.0,1.0,1.0,0.0,0.7988805459902473,0.7988805459902473,0.0,0.6860753156363693,0.6860753156363693,False,True,1.0,False,True,1.0,False,True,1.0,False,True,1.0,0.0,0.3333333333333333,0.3333333333333333,0.0,0.3333333333333333,0.3333333333333333,0.0,0.3333333333333333,0.3333333333333333,0.0,0.2,0.2,0.0,0.2,0.2
q1_microfluidic_flash_dilution_ld_trpl,0.0,0.0,0.0,0.5307212739772436,0.0,-0.5307212739772436,0.5928249534091157,0.0,-0.5928249534091157,False,False,0.0,True,False,-1.0,True,False,-1.0,True,False,-1.0,0.0,0.0,0.0,0.5,0.0,-0.5,0.5,0.0,-0.5,0.2857142857142857,0.0,-0.2857142857142857,0.42857142857142855,0.0,-0.42857142857142855
q1_napxps_surface_passivation,1.0,1.0,0.0,0.4692787260227565,0.4692787260227565,0.0,0.3391602052736161,0.3391602052736161,0.0,True,True,0.0,True,True,0.0,True,True,0.0,True,True,0.0,0.25,0.25,0.0,0.25,0.25,0.0,0.25,0.25,0.0,0.1111111111111111,0.1111111111111111,0.0,0.1111111111111111,0.1111111111111111,0.0
q1_nmr_polymer_composition,1.0,1.0,0.0,0.511576141875023,0.5027986350243819,-0.008777506850641048,0.43933947918820293,0.4318013925327201,-0.007538086655482834,True,True,0.0,True,True,0.0,True,True,0.0,True,True,0.0,0.3333333333333333,0.3333333333333333,0.0,0.3333333333333333,0.3333333333333333,0.0,0.3333333333333333,0.3333333333333333,0.0,0.2,0.2,0.0,0.2,0.2,0.0
q1_orbital_shaker_babb_fast_clearing,1.0,0.0,-1.0,0.5874203951744313,0.6643312027574678,0.07691080758303648,0.5669308506056828,0.6411589671675417,0.0742281165618589,True,False,-1.0,True,True,0.0,True,True,0.0,True,True,0.0,0.5,0.0,-0.5,0.5,0.5,0.0,0.5,0.5,0.0,0.5,0.5,0.0,0.5,0.5,0.0
q1_paul_trap_tandem_ms,1.0,1.0,0.0,0.7039180890341348,0.7653606369886218,0.061442547954487,0.5087403079104241,0.5531464700081437,0.044406162097719526,True,True,0.0,True,True,0.0,True,True,0.0,True,True,0.0,0.2,0.2,0.0,0.2,0.4,0.2,0.2,0.4,0.2,0.25,0.25,0.0,0.25,0.25,0.0
q1_permanent_magnets,1.0,1.0,0.0,0.4692787260227565,1.0,0.5307212739772436,0.3391602052736161,0.8539316501572934,0.5147714448836773,True,True,0.0,True,True,0.0,True,True,0.0,True,True,0.0,0.2,0.2,0.0,0.2,0.4,0.2,0.2,0.4,0.2,0.125,0.375,0.25,0.125,0.375,0.25
q1_pld,0.14285714285714285,1.0,0.8571428571428572,0.45453820448088517,0.6403662530558959,0.18582804857501073,0.4386836633797978,0.6180299280149257,0.17934626463512793,False,True,1.0,True,True,0.0,True,True,0.0,True,True,0.0,0.0,0.5,0.5,0.5,0.5,0.0,0.5,0.5,0.0,0.5,0.5,0.0,0.5,0.5,0.0
q1_ppms_smr_sse,1.0,0.0,-1.0,0.7039180890341348,0.2960819109658653,-0.4078361780682695,0.5499742595406059,0.23133008269506616,-0.3186441768455397,True,False,-1.0,True,True,0.0,True,True,0.0,True,True,0.0,0.25,0.0,-0.25,0.5,0.25,-0.25,0.5,0.25,-0.25,0.3333333333333333,0.16666666666666666,-0.16666666666666666,0.3333333333333333,0.16666666666666666,-0.16666666666666666
q1_qfls_plqy,1.0,1.0,0.0,0.4692787260227565,0.7653606369886218,0.2960819109658653,0.3666495063604039,0.6182423591707102,0.25159285281030636,True,True,0.0,True,True,0.0,True,True,0.0,True,True,0.0,0.0,0.3333333333333333,0.3333333333333333,0.0,0.3333333333333333,0.3333333333333333,0.0,0.3333333333333333,0.3333333333333333,0.16666666666666666,0.16666666666666666,0.0,0.16666666666666666,0.16666666666666666,0.0
q1_rotating_stage,0.0,0.0,0.0,0.0,0.04229741585226647,0.04229741585226647,0.0,0.03304715467072374,0.03304715467072374,False,False,0.0,False,False,0.0,False,False,0.0,False,False,0.0,0.0,0.0,0.0,0.0,0.0,0.0,0.0,0.0,0.0,0.0,0.0,0.0,0.0,0.0,0.0
q1_sans_magnetic,1.0,1.0,0.0,0.4692787260227565,0.4692787260227565,0.0,0.3391602052736161,0.3391602052736161,0.0,True,True,0.0,True,True,0.0,True,True,0.0,True,True,0.0,0.25,0.25,0.0,0.25,0.25,0.0,0.25,0.25,0.0,0.16666666666666666,0.16666666666666666,0.0,0.16666666666666666,0.16666666666666666,0.0
q1_sem_pgma_laccase,1.0,1.0,0.0,0.6735439182299785,0.6735439182299785,0.0,0.6467429303328279,0.6467429303328279,0.0,True,True,0.0,True,True,0.0,True,True,0.0,True,True,0.0,1.0,1.0,0.0,1.0,1.0,0.0,1.0,1.0,0.0,0.3333333333333333,0.3333333333333333,0.0,0.3333333333333333,0.3333333333333333,0.0
q1_sted_live_cell_snaptag2,1.0,0.42857142857142855,-0.5714285714285714,0.511576141875023,0.20111945400975278,-0.3104566878652702,0.39969666103112766,0.1571355027258874,-0.24256115830524028,True,True,0.0,True,True,0.0,True,True,0.0,True,False,-1.0,0.3333333333333333,0.0,-0.3333333333333333,0.3333333333333333,0.0,-0.3333333333333333,0.3333333333333333,0.0,-0.3333333333333333,0.16666666666666666,0.16666666666666666,0.0,0.16666666666666666,0.16666666666666666,0.0
q1_sted_live_cell_uptake,0.42857142857142855,0.14285714285714285,-0.2857142857142857,0.24341686986201927,0.2098969608603938,-0.033519909001625464,0.17592384007933942,0.17044169363298708,-0.005482146446352337,True,False,-1.0,True,True,0.0,True,True,0.0,False,False,0.0,0.0,0.0,0.0,0.0,0.0,0.0,0.0,0.0,0.0,0.14285714285714285,0.14285714285714285,0.0,0.14285714285714285,0.14285714285714285,0.0
q1_stxm_thinfilm_xas,1.0,0.14285714285714285,-0.8571428571428572,0.4692787260227565,0.06703981800325093,-0.40223890801950557,0.42180386727424835,0.06025769532489262,-0.36154617194935573,True,False,-1.0,True,False,-1.0,True,False,-1.0,True,False,-1.0,0.3333333333333333,0.0,-0.3333333333333333,0.3333333333333333,0.0,-0.3333333333333333,0.3333333333333333,0.0,-0.3333333333333333,0.25,0.0,-0.25,0.25,0.0,-0.25
q1_tandem_ms_xray_gasphase_peptide,0.0,1.0,1.0,0.033519909001625464,0.7039180890341348,0.6703981800325093,0.026189250454314566,0.5499742595406059,0.5237850090862913,False,True,1.0,False,True,1.0,False,True,1.0,False,True,1.0,0.0,0.3333333333333333,0.3333333333333333,0.0,0.6666666666666666,0.6666666666666666,0.0,0.6666666666666666,0.6666666666666666,0.0,0.4,0.4,0.0,0.4,0.4
q1_tirf_membrane_adsorption,0.0,1.0,1.0,0.0,0.5027986350243819,0.5027986350243819,0.0,0.4305497897559377,0.4305497897559377,False,True,1.0,False,True,1.0,False,True,1.0,False,True,1.0,0.0,0.25,0.25,0.0,0.25,0.25,0.0,0.25,0.25,0.0,0.25,0.25,0.0,0.25,0.25
q1_uplc_ms_monitoring_dcl,1.0,1.0,0.0,0.4692787260227565,0.5450960508766485,0.07581732485389198,0.382135764664834,0.44387415125958274,0.06173838659474873,True,True,0.0,True,True,0.0,True,True,0.0,True,True,0.0,0.25,0.25,0.0,0.25,0.25,0.0,0.25,0.25,0.0,0.25,0.25,0.0,0.25,0.25,0.0
q2,1.0,1.0,0.0,0.7653606369886218,0.511576141875023,-0.2537844951135988,0.5531464700081437,0.3697296716642629,-0.18341679834388075,True,True,0.0,True,True,0.0,True,True,0.0,True,True,0.0,0.5,0.5,0.0,0.5,0.5,0.0,0.5,0.5,0.0,0.1111111111111111,0.1111111111111111,0.0,0.1111111111111111,0.1111111111111111,0.0
q2_hydrides,1.0,1.0,0.0,0.4692787260227565,0.7653606369886218,0.2960819109658653,0.3391602052736161,0.5531464700081437,0.21398626473452753,True,True,0.0,True,True,0.0,True,True,0.0,True,True,0.0,0.2,0.2,0.0,0.2,0.4,0.2,0.2,0.4,0.2,0.16666666666666666,0.3333333333333333,0.16666666666666666,0.16666666666666666,0.3333333333333333,0.16666666666666666
q3,1.0,0.0,-1.0,0.5698384530276329,0.2769367788636447,-0.2929016741639882,0.4452172577233476,0.2163719078509257,-0.2288453498724219,True,False,-1.0,True,True,0.0,True,True,0.0,True,True,0.0,0.5,0.0,-0.5,0.5,0.5,0.0,0.5,0.5,0.0,0.2,0.1,-0.1,0.2,0.1,-0.1
q3_mo_recording,0.0,1.0,1.0,0.1268922475567994,0.596170973579556,0.46927872602275655,0.09170839917194037,0.4308686044455565,0.3391602052736161,False,True,1.0,True,True,0.0,True,True,0.0,False,True,1.0,0.0,0.25,0.25,0.0,0.25,0.25,0.0,0.25,0.25,0.1111111111111111,0.2222222222222222,0.1111111111111111,0.1111111111111111,0.2222222222222222,0.1111111111111111
q_afm_large_area_roughness,0.0,0.0,0.0,0.2960819109658653,0.2960819109658653,0.0,0.21398626473452756,0.21398626473452756,0.0,False,False,0.0,True,True,0.0,True,True,0.0,True,True,0.0,0.0,0.0,0.0,0.25,0.25,0.0,0.25,0.25,0.0,0.16666666666666666,0.16666666666666666,0.0,0.16666666666666666,0.16666666666666666,0.0
q_spin_valve_mr,1.0,0.0,-1.0,0.511576141875023,0.0,-0.511576141875023,0.49722016360463706,0.0,-0.49722016360463706,True,False,-1.0,True,False,-1.0,True,False,-1.0,True,False,-1.0,0.3333333333333333,0.0,-0.3333333333333333,0.3333333333333333,0.0,-0.3333333333333333,0.3333333333333333,0.0,-0.3333333333333333,0.3333333333333333,0.0,-0.3333333333333333,0.3333333333333333,0.0,-0.3333333333333333
q_ssnmr_teixobactin_lipidii,1.0,1.0,0.0,0.4692787260227565,0.5027986350243819,0.033519909001625436,0.3391602052736161,0.36338593422173154,0.02422572894811542,True,True,0.0,True,True,0.0,True,True,0.0,True,True,0.0,0.2,0.2,0.0,0.2,0.2,0.0,0.2,0.2,0.0,0.125,0.125,0.0,0.125,0.125,0.0
qb1,0.42857142857142855,0.0,-0.42857142857142855,0.5307212739772436,0.10055972700487639,-0.4301615469723672,0.3835663673713356,0.14977484147002226,-0.23379152590131333,True,False,-1.0,True,True,0.0,True,True,0.0,True,False,-1.0,0.0,0.0,0.0,0.2,0.0,-0.2,0.2,0.0,-0.2,0.2,0.1,-0.1,0.2,0.2,0.0
qb_2des,1.0,1.0,0.0,0.4692787260227565,0.7653606369886218,0.2960819109658653,0.3391602052736161,0.5531464700081437,0.21398626473452753,True,True,0.0,True,True,0.0,True,True,0.0,True,True,0.0,0.25,0.25,0.0,0.25,0.5,0.25,0.25,0.5,0.25,0.125,0.25,0.125,0.125,0.25,0.125
qb_coherence_origin,0.0,1.0,1.0,0.2960819109658653,0.596170973579556,0.30008906261369067,0.21398626473452756,0.576936954288263,0.36295068955373544,False,True,1.0,True,True,0.0,True,True,0.0,True,True,0.0,0.0,0.0,0.0,0.3333333333333333,0.0,-0.3333333333333333,0.3333333333333333,0.3333333333333333,0.0,0.14285714285714285,0.2857142857142857,0.14285714285714285,0.14285714285714285,0.42857142857142855,0.2857142857142857
qb_spectral_diffusion,0.0,1.0,1.0,0.0,0.7988805459902473,0.7988805459902473,0.0,0.7108708806373413,0.7108708806373413,False,True,1.0,False,True,1.0,False,True,1.0,False,True,1.0,0.0,1.0,1.0,0.0,1.0,1.0,0.0,1.0,1.0,0.0,0.4,0.4,0.0,0.4,0.4
qcm-d-antifouling-zipper-brush,1.0,1.0,0.0,0.4692787260227565,0.4692787260227565,0.0,0.3391602052736161,0.3391602052736161,0.0,True,True,0.0,True,True,0.0,True,True,0.0,True,True,0.0,0.16666666666666666,0.16666666666666666,0.0,0.16666666666666666,0.16666666666666666,0.0,0.16666666666666666,0.16666666666666666,0.0,0.14285714285714285,0.14285714285714285,0.0,0.14285714285714285,0.14285714285714285,0.0
qcm-d_kap95_binding,1.0,0.42857142857142855,-0.5714285714285714,0.596170973579556,0.49720136497561807,-0.09896960860393789,0.4308686044455565,0.35934063842322017,-0.07152796602233635,True,True,0.0,True,True,0.0,True,True,0.0,True,True,0.0,0.2,0.0,-0.2,0.2,0.2,0.0,0.2,0.2,0.0,0.3333333333333333,0.3333333333333333,0.0,0.3333333333333333,0.3333333333333333,0.0
qcm_d_adsorption_reversibility,1.0,1.0,0.0,0.4692787260227565,0.4692787260227565,0.0,0.3391602052736161,0.3391602052736161,0.0,True,True,0.0,True,True,0.0,True,True,0.0,True,True,0.0,0.14285714285714285,0.14285714285714285,0.0,0.14285714285714285,0.14285714285714285,0.0,0.14285714285714285,0.14285714285714285,0.0,0.125,0.125,0.0,0.125,0.125,0.0
qforce_qm_ref_setup,0.0,0.0,0.0,0.0,0.0,0.0,0.0,0.0,0.0,False,False,0.0,False,False,0.0,False,False,0.0,False,False,0.0,0.0,0.0,0.0,0.0,0.0,0.0,0.0,0.0,0.0,0.0,0.0,0.0,0.0,0.0,0.0
qhe_biotwo2se_transport,0.0,0.42857142857142855,0.42857142857142855,0.23463936301137825,0.49720136497561807,0.26256200196423984,0.30078518014914984,0.35934063842322017,0.05855545827407033,False,True,1.0,True,True,0.0,True,True,0.0,True,True,0.0,0.0,0.0,0.0,0.5,0.0,-0.5,0.5,0.0,-0.5,0.14285714285714285,0.2857142857142857,0.14285714285714285,0.2857142857142857,0.2857142857142857,0.0
qi1,1.0,1.0,0.0,0.4692787260227565,0.4692787260227565,0.0,0.3666495063604039,0.3666495063604039,0.0,True,True,0.0,True,True,0.0,True,True,0.0,True,True,0.0,0.25,0.25,0.0,0.25,0.25,0.0,0.25,0.25,0.0,0.16666666666666666,0.16666666666666666,0.0,0.16666666666666666,0.16666666666666666,0.0
qt_ligand_exchange_orientation,1.0,1.0,0.0,0.4692787260227565,0.5027986350243819,0.033519909001625436,0.3391602052736161,0.5094542840644379,0.1702940787908218,True,True,0.0,True,True,0.0,True,True,0.0,True,True,0.0,0.25,0.25,0.0,0.25,0.25,0.0,0.25,0.25,0.0,0.125,0.125,0.0,0.125,0.125,0.0
redox_lipidomics,0.0,1.0,1.0,0.5307212739772436,0.8659203639934981,0.3351990900162546,0.5147714448836774,0.6445672393542531,0.12979579447057565,False,True,1.0,True,True,0.0,True,True,0.0,True,True,0.0,0.0,0.2,0.2,0.4,0.2,-0.2,0.4,0.2,-0.2,0.13333333333333333,0.2,0.06666666666666668,0.13333333333333333,0.2,0.06666666666666668
rfa-angle-resolved-ion-energy,1.0,0.0,-1.0,0.596170973579556,0.23463936301137825,-0.36153161056817773,0.576936954288263,0.31564845247951445,-0.2612885018087485,True,False,-1.0,True,True,0.0,True,True,0.0,True,True,0.0,0.16666666666666666,0.0,-0.16666666666666666,0.16666666666666666,0.16666666666666666,0.0,0.3333333333333333,0.3333333333333333,0.0,0.2222222222222222,0.1111111111111111,-0.1111111111111111,0.3333333333333333,0.2222222222222222,-0.1111111111111111
rfa_charge_state_kinetic_energy,1.0,0.0,-1.0,0.6131471927654584,0.38685280723454163,-0.22629438553091674,0.6131471927654584,0.38685280723454163,-0.22629438553091674,True,False,-1.0,True,True,0.0,True,True,0.0,True,True,0.0,0.5,0.0,-0.5,0.5,0.5,0.0,0.5,0.5,0.0,0.5,0.5,0.0,0.5,0.5,0.0
rfa_setup,0.14285714285714285,1.0,0.8571428571428572,0.34397659686689563,0.511576141875023,0.16759954500812735,0.24860102692368574,0.3905965787846495,0.14199555186096374,False,True,1.0,True,True,0.0,True,True,0.0,True,True,0.0,0.0,0.25,0.25,0.25,0.25,0.0,0.25,0.25,0.0,0.16666666666666666,0.16666666666666666,0.0,0.16666666666666666,0.16666666666666666,0.0
rfa_sn_ions_h2,1.0,0.0,-1.0,0.7039180890341348,0.39664163797074165,-0.30727645106339313,0.5087403079104241,0.28666345157887385,-0.22207685633155028,True,False,-1.0,True,True,0.0,True,True,0.0,True,True,0.0,0.25,0.0,-0.25,0.5,0.25,-0.25,0.5,0.25,-0.25,0.25,0.25,0.0,0.25,0.25,0.0
rheology_tc3_viscoelasticity,1.0,1.0,0.0,0.7653606369886218,1.0,0.23463936301137822,0.5531464700081437,1.0,0.44685352999185635,True,True,0.0,True,True,0.0,True,True,0.0,True,True,0.0,0.3333333333333333,0.3333333333333333,0.0,0.3333333333333333,0.3333333333333333,0.0,0.3333333333333333,0.3333333333333333,0.0,0.14285714285714285,0.14285714285714285,0.0,0.14285714285714285,0.14285714285714285,0.0
rheometer_pdmaema_viscosity,1.0,1.0,0.0,0.4692787260227565,0.4692787260227565,0.0,0.40301463303053875,0.4278101980315107,0.024795565000971964,True,True,0.0,True,True,0.0,True,True,0.0,True,True,0.0,0.5,0.5,0.0,0.5,0.5,0.0,0.5,0.5,0.0,0.2,0.2,0.0,0.2,0.2,0.0
rheometer_probe_tack,1.0,1.0,0.0,0.7653606369886218,0.7653606369886218,0.0,0.5531464700081437,0.5531464700081437,0.0,True,True,0.0,True,True,0.0,True,True,0.0,True,True,0.0,0.0,0.3333333333333333,0.3333333333333333,0.3333333333333333,0.3333333333333333,0.0,0.3333333333333333,0.3333333333333333,0.0,0.2857142857142857,0.14285714285714285,-0.14285714285714285,0.2857142857142857,0.14285714285714285,-0.14285714285714285
rifamycin_xray_photodissociation_setup,1.0,0.0,-1.0,0.4692787260227565,0.0,-0.4692787260227565,0.3391602052736161,0.0,-0.3391602052736161,True,False,-1.0,True,False,-1.0,True,False,-1.0,True,False,-1.0,0.2,0.0,-0.2,0.2,0.0,-0.2,0.2,0.0,-0.2,0.07692307692307693,0.0,-0.07692307692307693,0.07692307692307693,0.0,-0.07692307692307693
ring-current-ctocd-dz,0.0,0.0,0.0,0.0,0.0,0.0,0.0,0.0,0.0,False,False,0.0,False,False,0.0,False,False,0.0,False,False,0.0,0.0,0.0,0.0,0.0,0.0,0.0,0.0,0.0,0.0,0.0,0.0,0.0,0.0,0.0,0.0
rosina-cops-neutral-gas-sensor,1.0,0.0,-1.0,0.5806522815857432,0.0,-0.5806522815857432,0.5138608568381814,0.0,-0.5138608568381814,True,False,-1.0,True,False,-1.0,True,False,-1.0,True,False,-1.0,0.5,0.0,-0.5,0.5,0.0,-0.5,0.5,0.0,-0.5,0.25,0.0,-0.25,0.25,0.0,-0.25
rsxs-gecco-field-cycloid,1.0,1.0,0.0,0.7462155048864012,0.4692787260227565,-0.2769367788636447,0.6966757505934509,0.42180386727424835,-0.27487188331920254,True,True,0.0,True,True,0.0,True,True,0.0,True,True,0.0,1.0,0.0,-1.0,1.0,0.0,-1.0,1.0,0.0,-1.0,0.5,0.25,-0.25,0.5,0.25,-0.25
ru-mo-ultrathin-deposition,0.0,0.42857142857142855,0.42857142857142855,0.0,0.20111945400975278,0.20111945400975278,0.0,0.18077308597467787,0.18077308597467787,False,True,1.0,False,True,1.0,False,True,1.0,False,False,0.0,0.0,0.0,0.0,0.0,0.0,0.0,0.0,0.0,0.0,0.0,0.25,0.25,0.0,0.25,0.25
ru_delam_xps,0.0,1.0,1.0,0.2960819109658653,0.511576141875023,0.2154942309091577,0.24110082383082418,0.4165787394978089,0.1754779156669847,False,True,1.0,True,True,0.0,True,True,0.0,True,True,0.0,0.0,0.25,0.25,0.25,0.25,0.0,0.25,0.25,0.0,0.25,0.25,0.0,0.25,0.25,0.0
rwgs-gas-analysis,0.14285714285714285,0.14285714285714285,0.0,0.1093372338555174,0.1093372338555174,0.0,0.07902092428687767,0.07902092428687767,0.0,False,False,0.0,False,False,0.0,False,False,0.0,False,False,0.0,0.0,0.0,0.0,0.0,0.0,0.0,0.0,0.0,0.0,0.0,0.0,0.0,0.0,0.0,0.0
saos-rheometer-specific,1.0,1.0,0.0,0.5698384530276329,0.7653606369886218,0.19552218396098886,0.41183739211796244,0.6157471913693036,0.20390979925134112,True,True,0.0,True,True,0.0,True,True,0.0,True,True,0.0,0.3333333333333333,0.3333333333333333,0.0,0.3333333333333333,0.6666666666666666,0.3333333333333333,0.3333333333333333,0.6666666666666666,0.3333333333333333,0.18181818181818182,0.18181818181818182,0.0,0.18181818181818182,0.2727272727272727,0.09090909090909088
saxs-bm26b-fibrin,1.0,1.0,0.0,0.7653606369886218,0.7039180890341348,-0.061442547954487,0.6572885561341879,0.6045219495458081,-0.05276660658837984,True,True,0.0,True,True,0.0,True,True,0.0,True,True,0.0,0.3333333333333333,0.3333333333333333,0.0,0.3333333333333333,0.3333333333333333,0.0,0.3333333333333333,0.3333333333333333,0.0,0.2,0.2,0.0,0.2,0.2,0.0
saxs-bm26b-terpoc,1.0,1.0,0.0,0.4692787260227565,0.596170973579556,0.12689224755679945,0.3391602052736161,0.4308686044455565,0.0917083991719404,True,True,0.0,True,True,0.0,True,True,0.0,True,True,0.0,0.25,0.25,0.0,0.25,0.25,0.0,0.25,0.25,0.0,0.14285714285714285,0.2857142857142857,0.14285714285714285,0.14285714285714285,0.2857142857142857,0.14285714285714285
saxs-odt-brush,1.0,0.42857142857142855,-0.5714285714285714,0.4692787260227565,0.24341686986201927,-0.22586185616073723,0.40301463303053875,0.2090454031707522,-0.19396922985978654,True,True,0.0,True,True,0.0,True,True,0.0,True,False,-1.0,0.3333333333333333,0.0,-0.3333333333333333,0.3333333333333333,0.0,-0.3333333333333333,0.3333333333333333,0.0,-0.3333333333333333,0.2,0.2,0.0,0.2,0.2,0.0
saxs_c8s3_nanotubes,1.0,1.0,0.0,0.4692787260227565,0.7039180890341348,0.23463936301137828,0.40301463303053875,0.6045219495458081,0.20150731651526932,True,True,0.0,True,True,0.0,True,True,0.0,True,True,0.0,0.3333333333333333,0.3333333333333333,0.0,0.3333333333333333,0.3333333333333333,0.0,0.3333333333333333,0.3333333333333333,0.0,0.2,0.2,0.0,0.2,0.2,0.0
saxs_dataset_acquisition_setup,1.0,1.0,0.0,0.4692787260227565,1.0,0.5307212739772436,0.3666495063604039,0.781304342235672,0.41465483587526814,True,True,0.0,True,True,0.0,True,True,0.0,True,True,0.0,0.25,0.25,0.0,0.25,0.25,0.0,0.25,0.25,0.0,0.16666666666666666,0.16666666666666666,0.0,0.16666666666666666,0.16666666666666666,0.0
saxs_morphology_setup,1.0,1.0,0.0,0.4692787260227565,0.4692787260227565,0.0,0.382135764664834,0.5467126805074288,0.16457691584259482,True,True,0.0,True,True,0.0,True,True,0.0,True,True,0.0,0.25,0.25,0.0,0.25,0.25,0.0,0.25,0.25,0.0,0.25,0.25,0.0,0.25,0.25,0.0
saxs_waxs_beamline_used_in_study,0.0,0.0,0.0,0.0,0.23463936301137825,0.23463936301137825,0.0,0.22805485423342303,0.22805485423342303,False,False,0.0,False,True,1.0,False,True,1.0,False,True,1.0,0.0,0.0,0.0,0.0,0.3333333333333333,0.3333333333333333,0.0,0.3333333333333333,0.3333333333333333,0.0,0.3333333333333333,0.3333333333333333,0.0,0.3333333333333333,0.3333333333333333
sclc_pv_measurement_setup,0.0,1.0,1.0,0.0,0.7462155048864012,0.7462155048864012,0.0,0.539309774301071,0.539309774301071,False,True,1.0,False,True,1.0,False,True,1.0,False,True,1.0,0.0,0.0,0.0,0.0,0.0,0.0,0.0,0.0,0.0,0.0,0.25,0.25,0.0,0.25,0.25
semapa_fgt_surface_spin_spirals,0.0,0.0,0.0,0.0,0.0,0.0,0.0,0.0,0.0,False,False,0.0,False,False,0.0,False,False,0.0,False,False,0.0,0.0,0.0,0.0,0.0,0.0,0.0,0.0,0.0,0.0,0.0,0.0,0.0,0.0,0.0,0.0
sepF_ring_imaging,1.0,0.14285714285714285,-0.8571428571428572,0.541942129480027,0.458057870519973,-0.08388425896005397,0.4554594382818066,0.3849613622173218,-0.07049807606448477,True,False,-1.0,True,True,0.0,True,True,0.0,True,True,0.0,0.5,0.0,-0.5,0.5,0.5,0.0,0.5,0.5,0.0,0.2,0.2,0.0,0.2,0.2,0.0
shh-lockin-ppms,1.0,1.0,0.0,0.7653606369886218,0.4692787260227565,-0.2960819109658653,0.5531464700081437,0.36002711239400276,-0.1931193576141409,True,True,0.0,True,True,0.0,True,True,0.0,True,True,0.0,0.16666666666666666,0.16666666666666666,0.0,0.3333333333333333,0.16666666666666666,-0.16666666666666666,0.3333333333333333,0.16666666666666666,-0.16666666666666666,0.16666666666666666,0.08333333333333333,-0.08333333333333333,0.16666666666666666,0.08333333333333333,-0.08333333333333333
siC_eit_cryostat,1.0,1.0,0.0,0.8838695436828513,1.1548406084228648,0.27097106474001353,0.8312565156726963,1.3056061626689737,0.47434964699627735,True,True,0.0,True,True,0.0,True,True,0.0,True,True,0.0,0.5,0.5,0.0,0.5,1.0,0.5,0.5,1.0,0.5,0.3333333333333333,0.6666666666666666,0.3333333333333333,0.3333333333333333,0.6666666666666666,0.3333333333333333
siC_spin_relaxation_pump_probe,0.0,0.0,0.0,0.0,0.10055972700487639,0.10055972700487639,0.0,0.0726771868443463,0.0726771868443463,False,False,0.0,False,True,1.0,False,True,1.0,False,False,0.0,0.0,0.0,0.0,0.0,0.0,0.0,0.0,0.0,0.0,0.0,0.16666666666666666,0.16666666666666666,0.0,0.16666666666666666,0.16666666666666666
siC_waveguide_coupling_setup,1.0,0.0,-1.0,0.7653606369886218,0.2960819109658653,-0.4692787260227565,0.6992148198508501,0.21398626473452756,-0.48522855511632257,True,False,-1.0,True,True,0.0,True,True,0.0,True,True,0.0,0.5,0.0,-0.5,0.5,0.0,-0.5,0.5,0.0,-0.5,0.2222222222222222,0.1111111111111111,-0.1111111111111111,0.3333333333333333,0.1111111111111111,-0.2222222222222222
single_nanotube_pl_microscopy,1.0,1.0,0.0,1.0,1.0,0.0,0.7227265726449517,1.0,0.27727342735504834,True,True,0.0,True,True,0.0,True,True,0.0,True,True,0.0,0.3333333333333333,0.3333333333333333,0.0,0.6666666666666666,0.3333333333333333,-0.3333333333333333,0.6666666666666666,0.6666666666666666,0.0,0.25,0.25,0.0,0.25,0.5,0.25
skpm-bruker-multimode8,1.0,1.0,0.0,0.596170973579556,1.0,0.40382902642044405,0.4308686044455565,0.8687949224876581,0.4379263180421016,True,True,0.0,True,True,0.0,True,True,0.0,True,True,0.0,0.25,0.25,0.0,0.25,0.25,0.0,0.25,0.25,0.0,0.2857142857142857,0.14285714285714285,-0.14285714285714285,0.2857142857142857,0.14285714285714285,-0.14285714285714285
skx_imaging,1.0,1.0,0.0,0.8308103365909342,0.7653606369886218,-0.0654496996023124,0.7316537845947063,0.6992148198508501,-0.03243896474385621,True,True,0.0,True,True,0.0,True,True,0.0,True,True,0.0,0.16666666666666666,0.16666666666666666,0.0,0.3333333333333333,0.3333333333333333,0.0,0.3333333333333333,0.3333333333333333,0.0,0.2727272727272727,0.18181818181818182,-0.09090909090909088,0.36363636363636365,0.2727272727272727,-0.09090909090909094
skx_scattering,0.0,1.0,1.0,0.1268922475567994,0.7653606369886218,0.6384683894318224,0.09170839917194037,0.6992148198508501,0.6075064206789097,False,True,1.0,True,True,0.0,True,True,0.0,False,True,1.0,0.0,0.2,0.2,0.0,0.2,0.2,0.0,0.4,0.4,0.09090909090909091,0.09090909090909091,0.0,0.09090909090909091,0.18181818181818182,0.09090909090909091
skx_transport,1.0,1.0,0.0,0.596170973579556,0.4692787260227565,-0.12689224755679945,0.4308686044455565,0.4703652827859579,0.03949667834040138,True,True,0.0,True,True,0.0,True,True,0.0,True,True,0.0,0.3333333333333333,0.3333333333333333,0.0,0.3333333333333333,0.3333333333333333,0.0,0.3333333333333333,0.3333333333333333,0.0,0.15384615384615385,0.07692307692307693,-0.07692307692307693,0.15384615384615385,0.15384615384615385,0.0
sm-fluor-excitation-znchl,1.0,0.14285714285714285,-0.8571428571428572,0.7653606369886218,0.06703981800325093,-0.6983208189853709,0.5531464700081437,0.06719504039799398,-0.4859514296101497,True,False,-1.0,True,False,-1.0,True,False,-1.0,True,False,-1.0,0.25,0.0,-0.25,0.25,0.0,-0.25,0.25,0.0,-0.25,0.25,0.0,-0.25,0.25,0.0,-0.25
smfret_confocal_setup,0.0,1.0,1.0,0.0,1.0,1.0,0.0,0.7227265726449517,0.7227265726449517,False,True,1.0,False,True,1.0,False,True,1.0,False,True,1.0,0.0,0.25,0.25,0.0,0.5,0.5,0.0,0.5,0.5,0.0,0.3,0.3,0.0,0.3,0.3
smr_lockin_detection,1.0,1.0,0.0,0.4692787260227565,0.5027986350243819,0.033519909001625436,0.40301463303053875,0.45659695753369206,0.05358232450315331,True,True,0.0,True,True,0.0,True,True,0.0,True,True,0.0,0.3333333333333333,0.3333333333333333,0.0,0.3333333333333333,0.3333333333333333,0.0,0.3333333333333333,0.3333333333333333,0.0,0.2,0.2,0.0,0.2,0.2,0.0
smr_pt_hallbar,0.0,1.0,1.0,0.04229741585226647,0.4692787260227565,0.42698131017049,0.034442974832974885,0.382135764664834,0.34769278983185914,False,True,1.0,False,True,1.0,False,True,1.0,False,True,1.0,0.0,0.25,0.25,0.0,0.25,0.25,0.0,0.25,0.25,0.0,0.25,0.25,0.0,0.25,0.25
soc_proximity_probe,0.0,1.0,1.0,0.0,0.4692787260227565,0.4692787260227565,0.0,0.3391602052736161,0.3391602052736161,False,True,1.0,False,True,1.0,False,True,1.0,False,True,1.0,0.0,0.3333333333333333,0.3333333333333333,0.0,0.3333333333333333,0.3333333333333333,0.0,0.3333333333333333,0.3333333333333333,0.0,0.14285714285714285,0.14285714285714285,0.0,0.14285714285714285,0.14285714285714285
soft-xray-ion-trap-nexams,1.0,1.0,0.0,0.4692787260227565,0.5027986350243819,0.033519909001625436,0.3391602052736161,0.36338593422173154,0.02422572894811542,True,True,0.0,True,True,0.0,True,True,0.0,True,True,0.0,0.2,0.2,0.0,0.2,0.2,0.0,0.2,0.2,0.0,0.16666666666666666,0.16666666666666666,0.0,0.16666666666666666,0.16666666666666666,0.0
soft_xray_ion_trap_endstation,0.42857142857142855,0.42857142857142855,0.0,0.5520787508318572,0.2709710647400135,-0.2811076860918437,0.5180817997833098,0.23980173319115133,-0.2782800665921585,True,True,0.0,True,True,0.0,True,True,0.0,True,False,-1.0,0.0,0.0,0.0,0.5,0.0,-0.5,0.5,0.0,-0.5,0.5,0.25,-0.25,0.5,0.25,-0.25
solaris-synchrotron-use,0.42857142857142855,1.0,0.5714285714285714,0.20111945400975278,0.4692787260227565,0.2681592720130037,0.1571355027258874,0.3666495063604039,0.2095140036345165,True,True,0.0,True,True,0.0,True,True,0.0,False,True,1.0,0.0,1.0,1.0,0.0,1.0,1.0,0.0,1.0,1.0,0.16666666666666666,0.16666666666666666,0.0,0.16666666666666666,0.16666666666666666,0.0
sot-mram-device,1.0,1.0,0.0,0.4692787260227565,0.4692787260227565,0.0,0.3391602052736161,0.35790378777537923,0.018743582501763112,True,True,0.0,True,True,0.0,True,True,0.0,True,True,0.0,0.3333333333333333,0.3333333333333333,0.0,0.3333333333333333,0.3333333333333333,0.0,0.3333333333333333,0.3333333333333333,0.0,0.14285714285714285,0.14285714285714285,0.0,0.14285714285714285,0.14285714285714285,0.0
spin-inj-det,1.0,0.0,-1.0,0.4692787260227565,0.04229741585226647,-0.42698131017049,0.3391602052736161,0.030569466390646793,-0.30859073888296934,True,False,-1.0,True,False,-1.0,True,False,-1.0,True,False,-1.0,0.0,0.0,0.0,0.0,0.0,0.0,0.0,0.0,0.0,0.07692307692307693,0.0,-0.07692307692307693,0.07692307692307693,0.0,-0.07692307692307693
spin-transport-char,0.0,0.14285714285714285,0.14285714285714285,0.0,0.3631217289691162,0.3631217289691162,0.0,0.26243772263075843,0.26243772263075843,False,False,0.0,False,True,1.0,False,True,1.0,False,True,1.0,0.0,0.0,0.0,0.0,0.0,0.0,0.0,0.0,0.0,0.0,0.14285714285714285,0.14285714285714285,0.0,0.14285714285714285,0.14285714285714285
spin-transport-vti-lockin,1.0,1.0,0.0,0.4692787260227565,0.4692787260227565,0.0,0.3391602052736161,0.35790378777537923,0.018743582501763112,True,True,0.0,True,True,0.0,True,True,0.0,True,True,0.0,0.2,0.2,0.0,0.2,0.2,0.0,0.2,0.2,0.0,0.14285714285714285,0.14285714285714285,0.0,0.14285714285714285,0.14285714285714285,0.0
spin_order_mapping,1.0,1.0,0.0,0.4692787260227565,0.7653606369886218,0.2960819109658653,0.3391602052736161,0.6843515475204854,0.3451913422468693,True,True,0.0,True,True,0.0,True,True,0.0,True,True,0.0,0.25,0.25,0.0,0.25,0.25,0.0,0.25,0.25,0.0,0.14285714285714285,0.14285714285714285,0.0,0.14285714285714285,0.14285714285714285,0.0
spin_transport_mapping,1.0,0.0,-1.0,0.7653606369886218,0.0,-0.7653606369886218,0.5531464700081437,0.0,-0.5531464700081437,True,False,-1.0,True,False,-1.0,True,False,-1.0,True,False,-1.0,0.0,0.0,0.0,0.25,0.0,-0.25,0.25,0.0,-0.25,0.2857142857142857,0.0,-0.2857142857142857,0.2857142857142857,0.0,-0.2857142857142857
srcd_saxs_hnf1a_tad,0.0,0.42857142857142855,0.42857142857142855,0.2960819109658653,0.20111945400975278,-0.0949624569561125,0.360054614577234,0.29142272353139903,-0.06863189104583495,False,True,1.0,True,True,0.0,True,True,0.0,True,False,-1.0,0.0,0.0,0.0,0.0,0.0,0.0,0.3333333333333333,0.0,-0.3333333333333333,0.125,0.125,0.0,0.25,0.25,0.0
ssNMR-torsion-angle-setup,1.0,1.0,0.0,0.4692787260227565,1.0,0.5307212739772436,0.3391602052736161,0.7227265726449517,0.38356636737133554,True,True,0.0,True,True,0.0,True,True,0.0,True,True,0.0,0.16666666666666666,0.16666666666666666,0.0,0.16666666666666666,0.3333333333333333,0.16666666666666666,0.16666666666666666,0.3333333333333333,0.16666666666666666,0.14285714285714285,0.2857142857142857,0.14285714285714285,0.14285714285714285,0.2857142857142857,0.14285714285714285
ssb_electrochemical_stability,0.0,1.0,1.0,0.0,0.5698384530276329,0.5698384530276329,0.0,0.48937491153708274,0.48937491153708274,False,True,1.0,False,True,1.0,False,True,1.0,False,True,1.0,0.0,0.5,0.5,0.0,0.5,0.5,0.0,0.5,0.5,0.0,0.4,0.4,0.0,0.4,0.4
ssb_interface_stability,0.0,0.0,0.0,0.0,0.0,0.0,0.0,0.020866907120386635,0.020866907120386635,False,False,0.0,False,False,0.0,False,False,0.0,False,False,0.0,0.0,0.0,0.0,0.0,0.0,0.0,0.0,0.0,0.0,0.0,0.0,0.0,0.0,0.0,0.0
ssb_ionic_conductivity,1.0,1.0,0.0,0.4692787260227565,0.4692787260227565,0.0,0.3391602052736161,0.3391602052736161,0.0,True,True,0.0,True,True,0.0,True,True,0.0,True,True,0.0,0.3333333333333333,0.0,-0.3333333333333333,0.3333333333333333,0.0,-0.3333333333333333,0.3333333333333333,0.0,-0.3333333333333333,0.16666666666666666,0.16666666666666666,0.0,0.16666666666666666,0.16666666666666666,0.0
ssl_closed_loop_sensor_setup,1.0,1.0,0.0,0.6296908825811814,0.4692787260227565,-0.16041215655842495,0.5145384133152622,0.3666495063604039,-0.1478889069548583,True,True,0.0,True,True,0.0,True,True,0.0,True,True,0.0,0.25,0.25,0.0,0.25,0.25,0.0,0.25,0.25,0.0,0.4,0.2,-0.2,0.4,0.2,-0.2
ssnmr_grafting_crosslinking_chitosan_alginate,0.0,0.0,0.0,0.0,0.23463936301137825,0.23463936301137825,0.0,0.16958010263680806,0.16958010263680806,False,False,0.0,False,True,1.0,False,True,1.0,False,True,1.0,0.0,0.0,0.0,0.0,1.0,1.0,0.0,1.0,1.0,0.0,0.09090909090909091,0.09090909090909091,0.0,0.09090909090909091,0.09090909090909091
ssnmr_hydrogel_structure_dynamics,1.0,1.0,0.0,0.7653606369886218,0.4692787260227565,-0.2960819109658653,0.5531464700081437,0.36002711239400276,-0.1931193576141409,True,True,0.0,True,True,0.0,True,True,0.0,True,True,0.0,0.16666666666666666,0.16666666666666666,0.0,0.3333333333333333,0.16666666666666666,-0.16666666666666666,0.3333333333333333,0.16666666666666666,-0.16666666666666666,0.16666666666666666,0.08333333333333333,-0.08333333333333333,0.16666666666666666,0.08333333333333333,-0.08333333333333333
ssnmr_redor_chlorosome,1.0,1.0,0.0,0.4692787260227565,0.511576141875023,0.042297415852266484,0.3391602052736161,0.5009347491766047,0.16177454390298862,True,True,0.0,True,True,0.0,True,True,0.0,True,True,0.0,0.16666666666666666,0.16666666666666666,0.0,0.16666666666666666,0.16666666666666666,0.0,0.16666666666666666,0.3333333333333333,0.16666666666666666,0.14285714285714285,0.14285714285714285,0.0,0.14285714285714285,0.2857142857142857,0.14285714285714285
ssnmr_secondary_structure_coacervate,1.0,1.0,0.0,0.4692787260227565,0.4692787260227565,0.0,0.3391602052736161,0.3391602052736161,0.0,True,True,0.0,True,True,0.0,True,True,0.0,True,True,0.0,0.25,0.25,0.0,0.25,0.25,0.0,0.25,0.25,0.0,0.125,0.125,0.0,0.125,0.125,0.0
ssnmr_torsion_angles,1.0,1.0,0.0,0.4692787260227565,0.7653606369886218,0.2960819109658653,0.3391602052736161,0.6843515475204854,0.3451913422468693,True,True,0.0,True,True,0.0,True,True,0.0,True,True,0.0,0.16666666666666666,0.16666666666666666,0.0,0.16666666666666666,0.3333333333333333,0.16666666666666666,0.16666666666666666,0.5,0.33333333333333337,0.09090909090909091,0.18181818181818182,0.09090909090909091,0.09090909090909091,0.2727272727272727,0.1818181818181818
ssnmr_water_mobility_hydrogels,1.0,1.0,0.0,0.5027986350243819,0.4692787260227565,-0.033519909001625436,0.36338593422173154,0.3391602052736161,-0.02422572894811542,True,True,0.0,True,True,0.0,True,True,0.0,True,True,0.0,0.25,0.25,0.0,0.25,0.25,0.0,0.25,0.25,0.0,0.08333333333333333,0.08333333333333333,0.0,0.08333333333333333,0.08333333333333333,0.0
stark_time_space_spectroscopy_setup,1.0,1.0,0.0,0.7653606369886218,1.0,0.23463936301137822,0.5531464700081437,0.7227265726449517,0.169580102636808,True,True,0.0,True,True,0.0,True,True,0.0,True,True,0.0,0.16666666666666666,0.16666666666666666,0.0,0.3333333333333333,0.3333333333333333,0.0,0.3333333333333333,0.3333333333333333,0.0,0.2222222222222222,0.2222222222222222,0.0,0.2222222222222222,0.2222222222222222,0.0
stm_liquid_solid_interface,1.0,1.0,0.0,0.6131471927654584,0.6131471927654584,0.0,0.6131471927654584,0.6131471927654584,0.0,True,True,0.0,True,True,0.0,True,True,0.0,True,True,0.0,0.5,0.5,0.0,0.5,0.5,0.0,0.5,0.5,0.0,0.5,0.5,0.0,0.5,0.5,0.0
stm_spinstm_edge_modes,1.0,1.0,0.0,0.7653606369886218,0.7653606369886218,0.0,0.6232365884956582,0.6232365884956582,0.0,True,True,0.0,True,True,0.0,True,True,0.0,True,True,0.0,0.5,0.5,0.0,0.5,0.5,0.0,0.5,0.5,0.0,0.5,0.5,0.0,0.5,0.5,0.0
stm_spstm_fe_ta110,1.0,1.0,0.0,1.0,0.7039180890341348,-0.2960819109658652,0.7227265726449517,0.5087403079104241,-0.21398626473452753,True,True,0.0,True,True,0.0,True,True,0.0,True,True,0.0,0.25,0.25,0.0,0.5,0.5,0.0,0.5,0.5,0.0,0.2857142857142857,0.2857142857142857,0.0,0.2857142857142857,0.2857142857142857,0.0
stm_sts_gnr_001,1.0,1.0,0.0,0.5027986350243819,0.4692787260227565,-0.033519909001625436,0.36338593422173154,0.3391602052736161,-0.02422572894811542,True,True,0.0,True,True,0.0,True,True,0.0,True,True,0.0,0.2,0.2,0.0,0.2,0.2,0.0,0.2,0.2,0.0,0.2,0.2,0.0,0.2,0.2,0.0
streak-camera-plt-transients,0.42857142857142855,0.0,-0.42857142857142855,0.31939394323979897,0.47020199776783905,0.15080805452804008,0.31939394323979897,0.47020199776783905,0.15080805452804008,True,False,-1.0,True,True,0.0,True,True,0.0,False,True,1.0,0.0,0.0,0.0,0.0,1.0,1.0,0.0,1.0,1.0,0.5,0.5,0.0,0.5,0.5,0.0
streak-camera-time-resolved-emission,0.0,0.14285714285714285,0.14285714285714285,0.0,0.42857142857142855,0.42857142857142855,0.0,0.36805537399262456,0.36805537399262456,False,False,0.0,False,True,1.0,False,True,1.0,False,True,1.0,0.0,0.0,0.0,0.0,0.3333333333333333,0.3333333333333333,0.0,0.3333333333333333,0.3333333333333333,0.0,0.4,0.4,0.0,0.4,0.4
streak-camera-trpl,1.0,0.42857142857142855,-0.5714285714285714,0.511576141875023,0.49720136497561807,-0.014374776899404917,0.3697296716642629,0.35934063842322017,-0.010389033241042733,True,True,0.0,True,True,0.0,True,True,0.0,True,True,0.0,0.3333333333333333,0.0,-0.3333333333333333,0.3333333333333333,0.3333333333333333,0.0,0.3333333333333333,0.3333333333333333,0.0,0.14285714285714285,0.2857142857142857,0.14285714285714285,0.14285714285714285,0.2857142857142857,0.14285714285714285
stxm_xanes_zno,0.0,1.0,1.0,0.0,0.7653606369886218,0.7653606369886218,0.0,0.5531464700081437,0.5531464700081437,False,True,1.0,False,True,1.0,False,True,1.0,False,True,1.0,0.0,0.3333333333333333,0.3333333333333333,0.0,0.3333333333333333,0.3333333333333333,0.0,0.3333333333333333,0.3333333333333333,0.0,0.3333333333333333,0.3333333333333333,0.0,0.3333333333333333,0.3333333333333333
summit-linear-algebra,1.0,1.0,0.0,0.4692787260227565,0.4692787260227565,0.0,0.3391602052736161,0.3391602052736161,0.0,True,True,0.0,True,True,0.0,True,True,0.0,True,True,0.0,0.14285714285714285,0.14285714285714285,0.0,0.14285714285714285,0.14285714285714285,0.0,0.14285714285714285,0.14285714285714285,0.0,0.1111111111111111,0.1111111111111111,0.0,0.1111111111111111,0.1111111111111111,0.0
summit-profiling,0.0,1.0,1.0,0.0,0.7653606369886218,0.7653606369886218,0.0,0.5531464700081437,0.5531464700081437,False,True,1.0,False,True,1.0,False,True,1.0,False,True,1.0,0.0,0.14285714285714285,0.14285714285714285,0.0,0.2857142857142857,0.2857142857142857,0.0,0.2857142857142857,0.2857142857142857,0.0,0.2222222222222222,0.2222222222222222,0.0,0.2222222222222222,0.2222222222222222
summit-transport,0.0,0.0,0.0,0.2960819109658653,0.0,-0.2960819109658653,0.21398626473452756,0.0,-0.21398626473452756,False,False,0.0,True,False,-1.0,True,False,-1.0,True,False,-1.0,0.0,0.0,0.0,0.16666666666666666,0.0,-0.16666666666666666,0.16666666666666666,0.0,-0.16666666666666666,0.1111111111111111,0.0,-0.1111111111111111,0.1111111111111111,0.0,-0.1111111111111111
summit_gpu_hpc,1.0,0.0,-1.0,0.7871546029909718,0.0,-0.7871546029909718,0.7871546029909718,0.0,-0.7871546029909718,True,False,-1.0,True,False,-1.0,True,False,-1.0,True,False,-1.0,,,,,,,,,,0.5,0.0,-0.5,0.5,0.0,-0.5
sup-azo-mech-test,1.0,1.0,0.0,0.511576141875023,0.4692787260227565,-0.042297415852266484,0.4849950106908485,0.4448953383756435,-0.040099672315205004,True,True,0.0,True,True,0.0,True,True,0.0,True,True,0.0,0.3333333333333333,0.3333333333333333,0.0,0.3333333333333333,0.3333333333333333,0.0,0.3333333333333333,0.3333333333333333,0.0,0.3333333333333333,0.3333333333333333,0.0,0.3333333333333333,0.3333333333333333,0.0
surface_mimic_fabrication,1.0,1.0,0.0,0.4692787260227565,1.0,0.5307212739772436,0.3391602052736161,0.8687949224876581,0.529634717214042,True,True,0.0,True,True,0.0,True,True,0.0,True,True,0.0,0.0,0.3333333333333333,0.3333333333333333,0.0,0.3333333333333333,0.3333333333333333,0.0,0.3333333333333333,0.3333333333333333,0.09090909090909091,0.2727272727272727,0.1818181818181818,0.09090909090909091,0.36363636363636365,0.2727272727272727
sv40_assembly_realtime_force_spec,1.0,1.0,0.0,0.7653606369886218,0.4692787260227565,-0.2960819109658653,0.6232365884956582,0.382135764664834,-0.2411008238308242,True,True,0.0,True,True,0.0,True,True,0.0,True,True,0.0,0.5,0.5,0.0,0.5,0.5,0.0,0.5,0.5,0.0,0.5,0.25,-0.25,0.5,0.25,-0.25
switchable_ratchet_cfd,1.0,0.0,-1.0,0.4692787260227565,0.0,-0.4692787260227565,0.3391602052736161,0.0,-0.3391602052736161,True,False,-1.0,True,False,-1.0,True,False,-1.0,True,False,-1.0,0.25,0.0,-0.25,0.25,0.0,-0.25,0.25,0.0,-0.25,0.14285714285714285,0.0,-0.14285714285714285,0.14285714285714285,0.0,-0.14285714285714285
syt1_membrane_remodeling_setup,1.0,0.14285714285714285,-0.8571428571428572,0.7653606369886218,0.06703981800325093,-0.6983208189853709,0.5531464700081437,0.04845145789623087,-0.5046950121119128,True,False,-1.0,True,False,-1.0,True,False,-1.0,True,False,-1.0,0.16666666666666666,0.0,-0.16666666666666666,0.3333333333333333,0.0,-0.3333333333333333,0.3333333333333333,0.0,-0.3333333333333333,0.2857142857142857,0.0,-0.2857142857142857,0.2857142857142857,0.0,-0.2857142857142857
t1-nmr-characterization,0.0,1.0,1.0,0.0,0.4692787260227565,0.4692787260227565,0.0,0.3391602052736161,0.3391602052736161,False,True,1.0,False,True,1.0,False,True,1.0,False,True,1.0,0.0,0.16666666666666666,0.16666666666666666,0.0,0.16666666666666666,0.16666666666666666,0.0,0.16666666666666666,0.16666666666666666,0.0,0.14285714285714285,0.14285714285714285,0.0,0.14285714285714285,0.14285714285714285
ta_pump_probe_flowcell,0.42857142857142855,0.42857142857142855,0.0,0.20111945400975278,0.23463936301137825,0.033519909001625464,0.1453543736886926,0.33439203498127756,0.18903766129258495,True,True,0.0,True,True,0.0,True,True,0.0,False,False,0.0,0.0,0.0,0.0,0.0,0.0,0.0,0.0,0.0,0.0,0.1,0.1,0.0,0.1,0.2,0.1
ta_setup_001,1.0,1.0,0.0,0.4692787260227565,0.4692787260227565,0.0,0.3666495063604039,0.3666495063604039,0.0,True,True,0.0,True,True,0.0,True,True,0.0,True,True,0.0,0.25,0.25,0.0,0.25,0.25,0.0,0.25,0.25,0.0,0.16666666666666666,0.16666666666666666,0.0,0.16666666666666666,0.16666666666666666,0.0
tdEV_detection_plasma,0.14285714285714285,0.14285714285714285,0.0,0.1093372338555174,0.14285714285714288,0.03351990900162548,0.07902092428687767,0.10324665323499312,0.02422572894811545,False,False,0.0,False,False,0.0,False,False,0.0,False,False,0.0,0.0,0.0,0.0,0.0,0.0,0.0,0.0,0.0,0.0,0.0,0.0,0.0,0.0,0.0,0.0
tdEV_morphology_validation,1.0,1.0,0.0,1.0,1.0,0.0,0.7227265726449517,0.7853272940061117,0.06260072136116002,True,True,0.0,True,True,0.0,True,True,0.0,True,True,0.0,0.3333333333333333,0.3333333333333333,0.0,0.3333333333333333,0.3333333333333333,0.0,0.3333333333333333,0.3333333333333333,0.0,0.16666666666666666,0.16666666666666666,0.0,0.16666666666666666,0.25,0.08333333333333334
te-transport-setup,1.0,0.0,-1.0,0.4692787260227565,0.0,-0.4692787260227565,0.3391602052736161,0.0,-0.3391602052736161,True,False,-1.0,True,False,-1.0,True,False,-1.0,True,False,-1.0,0.3333333333333333,0.0,-0.3333333333333333,0.3333333333333333,0.0,-0.3333333333333333,0.3333333333333333,0.0,-0.3333333333333333,0.1111111111111111,0.0,-0.1111111111111111,0.1111111111111111,0.0,-0.1111111111111111
tellurium-DFT,0.0,0.0,0.0,0.0,0.0,0.0,0.0,0.0,0.0,False,False,0.0,False,False,0.0,False,False,0.0,False,False,0.0,0.0,0.0,0.0,0.0,0.0,0.0,0.0,0.0,0.0,0.0,0.0,0.0,0.0,0.0,0.0
tem_tomography_bone_collagen_orientation,0.0,0.0,0.0,0.23463936301137825,0.5307212739772436,0.29608191096586534,0.16958010263680806,0.529634717214042,0.3600546145772339,False,False,0.0,True,True,0.0,True,True,0.0,True,True,0.0,0.0,0.0,0.0,0.0,0.25,0.25,0.0,0.25,0.25,0.08333333333333333,0.08333333333333333,0.0,0.08333333333333333,0.16666666666666666,0.08333333333333333
tension_and_tubes,1.0,0.0,-1.0,0.7039180890341348,0.033519909001625464,-0.6703981800325093,0.5087403079104241,0.024225728948115435,-0.4845145789623087,True,False,-1.0,True,False,-1.0,True,False,-1.0,True,False,-1.0,0.3333333333333333,0.0,-0.3333333333333333,0.3333333333333333,0.0,-0.3333333333333333,0.3333333333333333,0.0,-0.3333333333333333,0.2857142857142857,0.0,-0.2857142857142857,0.2857142857142857,0.0,-0.2857142857142857
texel_power_measurement_smu,0.0,1.0,1.0,0.0,0.5027986350243819,0.5027986350243819,0.0,0.4318013925327201,0.4318013925327201,False,True,1.0,False,True,1.0,False,True,1.0,False,True,1.0,0.0,0.3333333333333333,0.3333333333333333,0.0,0.3333333333333333,0.3333333333333333,0.0,0.3333333333333333,0.3333333333333333,0.0,0.2,0.2,0.0,0.2,0.2
tg-spectrometer-euv,1.0,1.0,0.0,0.4692787260227565,0.4692787260227565,0.0,0.382135764664834,0.5467126805074288,0.16457691584259482,True,True,0.0,True,True,0.0,True,True,0.0,True,True,0.0,0.25,0.25,0.0,0.25,0.25,0.0,0.25,0.5,0.25,0.25,0.25,0.0,0.25,0.5,0.25
tg-spectrometer-euv-001,1.0,0.42857142857142855,-0.5714285714285714,0.541942129480027,0.2322609126342973,-0.3096812168457297,0.4554594382818066,0.19519690212077423,-0.26026253616103234,True,True,0.0,True,True,0.0,True,True,0.0,True,False,-1.0,0.5,0.0,-0.5,0.5,0.0,-0.5,0.5,0.0,-0.5,0.2,0.2,0.0,0.2,0.2,0.0
tgs_sn_lpp_spectrum,1.0,0.0,-1.0,0.4692787260227565,0.033519909001625464,-0.43575881702113106,0.40301463303053875,0.028786759502181337,-0.3742278735283574,True,False,-1.0,True,False,-1.0,True,False,-1.0,True,False,-1.0,0.3333333333333333,0.0,-0.3333333333333333,0.3333333333333333,0.0,-0.3333333333333333,0.3333333333333333,0.0,-0.3333333333333333,0.2,0.0,-0.2,0.2,0.0,-0.2
thiolate_mobility_Au111_setup,0.0,1.0,1.0,0.2960819109658653,0.4692787260227565,0.17319681505689122,0.25427392310364916,0.40301463303053875,0.1487407099268896,False,True,1.0,True,True,0.0,True,True,0.0,True,True,0.0,0.0,0.3333333333333333,0.3333333333333333,0.3333333333333333,0.3333333333333333,0.0,0.3333333333333333,0.3333333333333333,0.0,0.14285714285714285,0.14285714285714285,0.0,0.14285714285714285,0.14285714285714285,0.0
thz_reversal_setup,1.0,1.0,0.0,0.7653606369886218,0.511576141875023,-0.2537844951135988,0.5979795890554701,0.5415360518378088,-0.056443537217661266,True,True,0.0,True,True,0.0,True,True,0.0,True,True,0.0,0.25,0.25,0.0,0.5,0.25,-0.25,0.5,0.25,-0.25,0.3333333333333333,0.16666666666666666,-0.16666666666666666,0.3333333333333333,0.16666666666666666,-0.16666666666666666
time_resolved_dna_dynamics,0.0,0.42857142857142855,0.42857142857142855,0.2960819109658653,0.20111945400975278,-0.0949624569561125,0.23485317185491417,0.1453543736886926,-0.08949879816622155,False,True,1.0,True,True,0.0,True,True,0.0,True,False,-1.0,0.0,0.0,0.0,0.5,0.0,-0.5,0.5,0.0,-0.5,0.125,0.125,0.0,0.125,0.125,0.0
tirf_fusion_setup,1.0,1.0,0.0,0.4692787260227565,0.5027986350243819,0.033519909001625436,0.3666495063604039,0.39283875681471847,0.026189250454314583,True,True,0.0,True,True,0.0,True,True,0.0,True,True,0.0,0.25,0.25,0.0,0.25,0.25,0.0,0.25,0.25,0.0,0.2,0.2,0.0,0.2,0.2,0.0
tmd-sot-1,1.0,1.0,0.0,0.7653606369886218,0.7988805459902473,0.03351990900162549,0.5531464700081437,0.5773721989562591,0.024225728948115477,True,True,0.0,True,True,0.0,True,True,0.0,True,True,0.0,0.0,0.3333333333333333,0.3333333333333333,0.3333333333333333,0.3333333333333333,0.0,0.3333333333333333,0.3333333333333333,0.0,0.25,0.25,0.0,0.25,0.25,0.0
tmd-sot-2,1.0,1.0,0.0,0.7653606369886218,0.7988805459902473,0.03351990900162549,0.5979795890554701,0.6241688395097846,0.026189250454314528,True,True,0.0,True,True,0.0,True,True,0.0,True,True,0.0,0.5,0.5,0.0,0.5,0.5,0.0,0.5,0.5,0.0,0.4,0.4,0.0,0.4,0.4,0.0
tmd-sot-3,1.0,1.0,0.0,0.7039180890341348,0.4692787260227565,-0.23463936301137828,0.5087403079104241,0.3391602052736161,-0.169580102636808,True,True,0.0,True,True,0.0,True,True,0.0,True,True,0.0,0.2,0.2,0.0,0.2,0.2,0.0,0.2,0.2,0.0,0.125,0.125,0.0,0.125,0.125,0.0
tmd_beam_directionality,1.0,1.0,0.0,0.4692787260227565,0.511576141875023,0.042297415852266484,0.3391602052736161,0.3697296716642629,0.030569466390646782,True,True,0.0,True,True,0.0,True,True,0.0,True,True,0.0,0.3333333333333333,0.3333333333333333,0.0,0.3333333333333333,0.3333333333333333,0.0,0.3333333333333333,0.3333333333333333,0.0,0.14285714285714285,0.14285714285714285,0.0,0.14285714285714285,0.14285714285714285,0.0
tmd_laser_full_characterization,1.0,1.0,0.0,0.4692787260227565,0.7039180890341348,0.23463936301137828,0.39539095277890546,0.571341029271584,0.17595007649267858,True,True,0.0,True,True,0.0,True,True,0.0,True,True,0.0,0.0,0.3333333333333333,0.3333333333333333,0.0,0.3333333333333333,0.3333333333333333,0.0,0.3333333333333333,0.3333333333333333,0.07692307692307693,0.15384615384615385,0.07692307692307693,0.15384615384615385,0.23076923076923078,0.07692307692307693
tmd_monolayer_quality,0.0,1.0,1.0,0.1268922475567994,0.7039180890341348,0.5770258414773354,0.23777674901464685,0.571341029271584,0.3335642802569372,False,True,1.0,True,True,0.0,True,True,0.0,False,True,1.0,0.0,0.0,0.0,0.0,0.25,0.25,0.25,0.25,0.0,0.0625,0.125,0.0625,0.125,0.1875,0.0625
transfer_quality_diagnostic,1.0,1.0,0.0,0.7653606369886218,1.0,0.23463936301137822,0.6157471913693036,0.9165323715184533,0.3007851801491498,True,True,0.0,True,True,0.0,True,True,0.0,True,True,0.0,0.3333333333333333,0.3333333333333333,0.0,0.3333333333333333,0.3333333333333333,0.0,0.3333333333333333,0.3333333333333333,0.0,0.2,0.3,0.09999999999999998,0.3,0.4,0.10000000000000003
transfer_strain_doping_monitoring,1.0,1.0,0.0,0.7653606369886218,1.0,0.23463936301137822,0.5531464700081437,0.7227265726449517,0.169580102636808,True,True,0.0,True,True,0.0,True,True,0.0,True,True,0.0,0.3333333333333333,0.3333333333333333,0.0,0.3333333333333333,0.3333333333333333,0.0,0.3333333333333333,0.3333333333333333,0.0,0.3333333333333333,0.3333333333333333,0.0,0.3333333333333333,0.3333333333333333,0.0
trfe_setup,1.0,0.14285714285714285,-0.8571428571428572,0.4692787260227565,0.06703981800325093,-0.40223890801950557,0.42180386727424835,0.06025769532489262,-0.36154617194935573,True,False,-1.0,True,False,-1.0,True,False,-1.0,True,False,-1.0,0.3333333333333333,0.0,-0.3333333333333333,0.3333333333333333,0.0,-0.3333333333333333,0.3333333333333333,0.0,-0.3333333333333333,0.25,0.0,-0.25,0.25,0.0,-0.25
trpl-streak-camera,1.0,0.0,-1.0,0.4692787260227565,0.0,-0.4692787260227565,0.42180386727424835,0.163176010157429,-0.25862785711681935,True,False,-1.0,True,False,-1.0,True,True,0.0,True,False,-1.0,0.5,0.0,-0.5,0.5,0.0,-0.5,0.5,0.5,0.0,0.25,0.0,-0.25,0.25,0.25,0.0
trpl_perovskite_exciton_dynamics,1.0,0.0,-1.0,0.4692787260227565,0.3296018199674907,-0.13967690605526578,0.382135764664834,0.4329731514351929,0.05083738677035887,True,False,-1.0,True,True,0.0,True,True,0.0,True,True,0.0,0.5,0.0,-0.5,0.5,0.5,0.0,0.5,0.5,0.0,0.25,0.25,0.0,0.25,0.5,0.25
two_terminal_linear_response_ciss,0.0,1.0,1.0,0.0,0.7653606369886218,0.7653606369886218,0.0,0.5718900525099068,0.5718900525099068,False,True,1.0,False,True,1.0,False,True,1.0,False,True,1.0,0.0,0.0,0.0,0.0,0.0,0.0,0.0,0.0,0.0,0.0,0.2222222222222222,0.2222222222222222,0.0,0.2222222222222222,0.2222222222222222
ups-seco-n-type-doped-polymer-films,0.42857142857142855,0.0,-0.42857142857142855,0.5741883268371216,0.0,-0.5741883268371216,0.555660865400058,0.0,-0.555660865400058,True,False,-1.0,True,False,-1.0,True,False,-1.0,True,False,-1.0,0.0,0.0,0.0,0.5,0.0,-0.5,0.5,0.0,-0.5,0.6666666666666666,0.0,-0.6666666666666666,0.6666666666666666,0.0,-0.6666666666666666
ushe_electric_field_control,0.0,0.14285714285714285,0.14285714285714285,0.0,0.1093372338555174,0.1093372338555174,0.0,0.07902092428687767,0.07902092428687767,False,False,0.0,False,False,0.0,False,False,0.0,False,False,0.0,0.0,0.0,0.0,0.0,0.0,0.0,0.0,0.0,0.0,0.0,0.0,0.0,0.0,0.0,0.0
ushe_material_response_measurement,0.0,0.0,0.0,0.0,0.0,0.0,0.0,0.0,0.0,False,False,0.0,False,False,0.0,False,False,0.0,False,False,0.0,0.0,0.0,0.0,0.0,0.0,0.0,0.0,0.0,0.0,0.0,0.0,0.0,0.0,0.0,0.0
ushe_symmetry_screen,0.0,0.0,0.0,0.0,0.0,0.0,0.0,0.0,0.0,False,False,0.0,False,False,0.0,False,False,0.0,False,False,0.0,0.0,0.0,0.0,0.0,0.0,0.0,0.0,0.0,0.0,0.0,0.0,0.0,0.0,0.0,0.0
vbscf-turtle,0.0,0.0,0.0,0.0,0.0,0.0,0.0,0.0,0.0,False,False,0.0,False,False,0.0,False,False,0.0,False,False,0.0,0.0,0.0,0.0,0.0,0.0,0.0,0.0,0.0,0.0,0.0,0.0,0.0,0.0,0.0,0.0
vdw-edge-states,1.0,0.0,-1.0,0.7653606369886218,0.1268922475567994,-0.6384683894318224,0.5531464700081437,0.1479391466772297,-0.4052073233309139,True,False,-1.0,True,True,0.0,True,True,0.0,True,False,-1.0,0.0,0.0,0.0,0.3333333333333333,0.0,-0.3333333333333333,0.3333333333333333,0.0,-0.3333333333333333,0.2222222222222222,0.1111111111111111,-0.1111111111111111,0.2222222222222222,0.2222222222222222,0.0
vdw-fmr-imaging,1.0,1.0,0.0,0.4692787260227565,0.4692787260227565,0.0,0.3391602052736161,0.401760926634776,0.0626007213611599,True,True,0.0,True,True,0.0,True,True,0.0,True,True,0.0,0.25,0.25,0.0,0.25,0.25,0.0,0.25,0.25,0.0,0.08333333333333333,0.08333333333333333,0.0,0.08333333333333333,0.16666666666666666,0.08333333333333333
vdw-magnon-nonlocal-transport,1.0,0.14285714285714285,-0.8571428571428572,0.7653606369886218,0.3631217289691162,-0.40223890801950557,0.5531464700081437,0.26243772263075843,-0.2907087473773852,True,False,-1.0,True,True,0.0,True,True,0.0,True,True,0.0,0.2,0.0,-0.2,0.2,0.2,0.0,0.2,0.2,0.0,0.2,0.1,-0.1,0.2,0.1,-0.1
vesicle_mechanics_guv,1.0,1.0,0.0,0.7653606369886218,0.4692787260227565,-0.2960819109658653,0.6157471913693036,0.42050450913653914,-0.19524268223276442,True,True,0.0,True,True,0.0,True,True,0.0,True,True,0.0,0.3333333333333333,0.3333333333333333,0.0,0.3333333333333333,0.3333333333333333,0.0,0.3333333333333333,0.3333333333333333,0.0,0.15384615384615385,0.07692307692307693,-0.07692307692307693,0.23076923076923078,0.15384615384615385,-0.07692307692307693
vicon-mx10-stick-insect-kinematics,1.0,0.0,-1.0,0.4692787260227565,0.2960819109658653,-0.17319681505689122,0.3666495063604039,0.23133008269506616,-0.13531942366533772,True,False,-1.0,True,True,0.0,True,True,0.0,True,True,0.0,0.25,0.0,-0.25,0.25,0.25,0.0,0.25,0.25,0.0,0.16666666666666666,0.16666666666666666,0.0,0.16666666666666666,0.16666666666666666,0.0
viral_assembly_kinetics,0.0,0.0,0.0,0.2960819109658653,0.0,-0.2960819109658653,0.21398626473452756,0.0,-0.21398626473452756,False,False,0.0,True,False,-1.0,True,False,-1.0,True,False,-1.0,0.0,0.0,0.0,0.3333333333333333,0.0,-0.3333333333333333,0.3333333333333333,0.0,-0.3333333333333333,0.08333333333333333,0.0,-0.08333333333333333,0.08333333333333333,0.0,-0.08333333333333333
viral_capsid_mechanics,1.0,1.0,0.0,0.4692787260227565,0.4692787260227565,0.0,0.3391602052736161,0.4852285551163225,0.1460683498427064,True,True,0.0,True,True,0.0,True,True,0.0,True,True,0.0,0.3333333333333333,0.3333333333333333,0.0,0.3333333333333333,0.3333333333333333,0.0,0.3333333333333333,0.3333333333333333,0.0,0.1,0.1,0.0,0.1,0.2,0.1
viral_genome_packaging,0.0,0.0,0.0,0.0,0.2960819109658653,0.2960819109658653,0.0,0.2765869860956875,0.2765869860956875,False,False,0.0,False,True,1.0,False,True,1.0,False,True,1.0,0.0,0.0,0.0,0.0,0.5,0.5,0.0,0.5,0.5,0.0,0.1,0.1,0.0,0.2,0.2
vna_cpw_spinwave,1.0,1.0,0.0,0.7988805459902473,0.5027986350243819,-0.29608191096586534,0.5773721989562591,0.36338593422173154,-0.2139862647345276,True,True,0.0,True,True,0.0,True,True,0.0,True,True,0.0,0.2,0.2,0.0,0.4,0.2,-0.2,0.4,0.2,-0.2,0.2,0.1,-0.1,0.2,0.1,-0.1
voigt_high_field_magneto_optics,1.0,0.0,-1.0,0.4692787260227565,0.0,-0.4692787260227565,0.4852285551163225,0.0,-0.4852285551163225,True,False,-1.0,True,False,-1.0,True,False,-1.0,True,False,-1.0,0.0,0.0,0.0,0.0,0.0,0.0,0.0,0.0,0.0,0.14285714285714285,0.0,-0.14285714285714285,0.2857142857142857,0.0,-0.2857142857142857
vr-hw-01,1.0,0.0,-1.0,0.541942129480027,0.0,-0.541942129480027,0.50968259905271,0.0,-0.50968259905271,True,False,-1.0,True,False,-1.0,True,False,-1.0,True,False,-1.0,0.5,0.0,-0.5,0.5,0.0,-0.5,0.5,0.0,-0.5,0.3333333333333333,0.0,-0.3333333333333333,0.3333333333333333,0.0,-0.3333333333333333
vsm_2dir,1.0,1.0,0.0,0.4692787260227565,0.4692787260227565,0.0,0.3391602052736161,0.3391602052736161,0.0,True,True,0.0,True,True,0.0,True,True,0.0,True,True,0.0,0.25,0.25,0.0,0.25,0.25,0.0,0.25,0.25,0.0,0.09090909090909091,0.09090909090909091,0.0,0.09090909090909091,0.09090909090909091,0.0
vsm_isotope_labeling,0.0,1.0,1.0,0.2960819109658653,0.7988805459902473,0.502798635024382,0.21398626473452756,0.5982391060766458,0.38425284134211823,False,True,1.0,True,True,0.0,True,True,0.0,True,True,0.0,0.0,0.16666666666666666,0.16666666666666666,0.16666666666666666,0.3333333333333333,0.16666666666666666,0.16666666666666666,0.3333333333333333,0.16666666666666666,0.1111111111111111,0.2222222222222222,0.1111111111111111,0.1111111111111111,0.2222222222222222,0.1111111111111111
vsm_linear_ir,1.0,1.0,0.0,0.7653606369886218,1.0,0.23463936301137822,0.5531464700081437,0.8687949224876581,0.31564845247951445,True,True,0.0,True,True,0.0,True,True,0.0,True,True,0.0,0.1111111111111111,0.1111111111111111,0.0,0.2222222222222222,0.1111111111111111,-0.1111111111111111,0.2222222222222222,0.1111111111111111,-0.1111111111111111,0.15384615384615385,0.15384615384615385,0.0,0.15384615384615385,0.15384615384615385,0.0
vt_ir_mct_probe_setup,0.0,1.0,1.0,0.0,0.7039180890341348,0.7039180890341348,0.0,0.7039180890341348,0.7039180890341348,False,True,1.0,False,True,1.0,False,True,1.0,False,True,1.0,0.0,0.3333333333333333,0.3333333333333333,0.0,0.3333333333333333,0.3333333333333333,0.0,0.3333333333333333,0.3333333333333333,0.0,0.3333333333333333,0.3333333333333333,0.0,0.3333333333333333,0.3333333333333333
vuv-action-ms-01,0.14285714285714285,0.0,-0.14285714285714285,0.3631217289691162,0.033519909001625464,-0.3296018199674907,0.5024042413680232,0.16802864126099573,-0.3343756001070275,False,False,0.0,True,False,-1.0,True,True,0.0,True,False,-1.0,0.0,0.0,0.0,0.3333333333333333,0.0,-0.3333333333333333,0.3333333333333333,0.0,-0.3333333333333333,0.2,0.0,-0.2,0.6,0.2,-0.39999999999999997
vuv_tandem_ms_setup,0.42857142857142855,0.0,-0.42857142857142855,0.3280117015665522,0.0,-0.3280117015665522,0.2558063553623961,0.056230747505289336,-0.19957560785710676,True,False,-1.0,True,False,-1.0,True,True,0.0,False,False,0.0,0.0,0.0,0.0,0.0,0.0,0.0,0.0,0.0,0.0,0.125,0.0,-0.125,0.125,0.125,0.0
wearable_camera_setup,1.0,1.0,0.0,0.4692787260227565,1.0,0.5307212739772436,0.3391602052736161,0.7227265726449517,0.38356636737133554,True,True,0.0,True,True,0.0,True,True,0.0,True,True,0.0,0.25,0.25,0.0,0.25,0.25,0.0,0.25,0.25,0.0,0.14285714285714285,0.14285714285714285,0.0,0.14285714285714285,0.14285714285714285,0.0
ws2_30kv_stem,1.0,1.0,0.0,0.4692787260227565,1.0,0.5307212739772436,0.4703652827859579,0.7227265726449517,0.25236128985899375,True,True,0.0,True,True,0.0,True,True,0.0,True,True,0.0,0.2,0.2,0.0,0.2,0.2,0.0,0.2,0.2,0.0,0.08333333333333333,0.16666666666666666,0.08333333333333333,0.16666666666666666,0.16666666666666666,0.0
ws2_fluorescence_lifetime_mapping_setup,0.0,1.0,1.0,0.5307212739772436,1.0,0.46927872602275644,0.3835663673713356,0.8687949224876581,0.4852285551163225,False,True,1.0,True,True,0.0,True,True,0.0,True,True,0.0,0.0,0.25,0.25,0.5,0.5,0.0,0.5,0.5,0.0,0.18181818181818182,0.2727272727272727,0.09090909090909088,0.18181818181818182,0.36363636363636365,0.18181818181818182
ws2_pll_pol_resolved_setup,0.0,0.0,0.0,0.2769367788636447,0.0,-0.2769367788636447,0.5161186460762143,0.0,-0.5161186460762143,False,False,0.0,True,False,-1.0,True,False,-1.0,True,False,-1.0,0.0,0.0,0.0,0.0,0.0,0.0,1.0,0.0,-1.0,0.16666666666666666,0.0,-0.16666666666666666,0.5,0.0,-0.5
ws2_pll_polres_spec,0.0,0.0,0.0,0.34192741420282435,0.0,-0.34192741420282435,0.302596096856603,0.0,-0.302596096856603,False,False,0.0,True,False,-1.0,True,False,-1.0,True,False,-1.0,0.0,0.0,0.0,1.0,0.0,-1.0,1.0,0.0,-1.0,0.25,0.0,-0.25,0.25,0.0,-0.25
wse2_hall_sot_setup,0.42857142857142855,0.0,-0.42857142857142855,0.20111945400975278,0.0,-0.20111945400975278,0.17272055701308803,0.0,-0.17272055701308803,True,False,-1.0,True,False,-1.0,True,False,-1.0,False,False,0.0,0.0,0.0,0.0,0.0,0.0,0.0,0.0,0.0,0.0,0.2,0.0,-0.2,0.2,0.0,-0.2
wte2_ree_dft,1.0,0.0,-1.0,0.4692787260227565,0.0,-0.4692787260227565,0.45610970846684606,0.0,-0.45610970846684606,True,False,-1.0,True,False,-1.0,True,False,-1.0,True,False,-1.0,0.3333333333333333,0.0,-0.3333333333333333,0.3333333333333333,0.0,-0.3333333333333333,0.3333333333333333,0.0,-0.3333333333333333,0.3333333333333333,0.0,-0.3333333333333333,0.3333333333333333,0.0,-0.3333333333333333
xpcs_baTiO3_domain_fluctuations,1.0,0.42857142857142855,-0.5714285714285714,0.7988805459902473,0.20111945400975278,-0.5977610919804945,0.5773721989562591,0.1453543736886926,-0.4320178252675665,True,True,0.0,True,True,0.0,True,True,0.0,True,False,-1.0,0.5,0.0,-0.5,0.5,0.0,-0.5,0.5,0.0,-0.5,0.2857142857142857,0.14285714285714285,-0.14285714285714285,0.2857142857142857,0.14285714285714285,-0.14285714285714285
xps_o_vacancy_bso,1.0,1.0,0.0,0.4692787260227565,0.4692787260227565,0.0,0.3391602052736161,0.3391602052736161,0.0,True,True,0.0,True,True,0.0,True,True,0.0,True,True,0.0,0.2,0.2,0.0,0.2,0.2,0.0,0.2,0.2,0.0,0.2,0.2,0.0,0.2,0.2,0.0
xray-ms-trap-tof,1.0,1.0,0.0,0.7039180890341348,0.596170973579556,-0.10774711545457882,0.5087403079104241,0.576936954288263,0.06819664637783884,True,True,0.0,True,True,0.0,True,True,0.0,True,True,0.0,0.16666666666666666,0.16666666666666666,0.0,0.3333333333333333,0.16666666666666666,-0.16666666666666666,0.3333333333333333,0.3333333333333333,0.0,0.16666666666666666,0.16666666666666666,0.0,0.16666666666666666,0.25,0.08333333333333334
xrd-100k-structure,1.0,1.0,0.0,1.0,0.9197207891481876,-0.08027921085181244,1.0,0.9197207891481876,-0.08027921085181244,True,True,0.0,True,True,0.0,True,True,0.0,True,True,0.0,0.5,0.5,0.0,0.5,0.5,0.0,0.5,0.5,0.0,0.5,0.5,0.0,0.5,0.5,0.0
xrd-grazing-order,1.0,1.0,0.0,0.7653606369886218,1.0,0.23463936301137822,0.5531464700081437,0.7227265726449517,0.169580102636808,True,True,0.0,True,True,0.0,True,True,0.0,True,True,0.0,0.125,0.125,0.0,0.25,0.375,0.125,0.25,0.375,0.125,0.2,0.3,0.09999999999999998,0.2,0.3,0.09999999999999998
xrd-pbgete-phase-coexistence,1.0,1.0,0.0,0.4692787260227565,1.0,0.5307212739772436,0.3391602052736161,0.7227265726449517,0.38356636737133554,True,True,0.0,True,True,0.0,True,True,0.0,True,True,0.0,0.2,0.2,0.0,0.2,0.4,0.2,0.2,0.4,0.2,0.14285714285714285,0.2857142857142857,0.14285714285714285,0.14285714285714285,0.2857142857142857,0.14285714285714285
xrd_cryo_fapbsn,0.0,1.0,1.0,0.0,0.7653606369886218,0.7653606369886218,0.0,0.6879324773090777,0.6879324773090777,False,True,1.0,False,True,1.0,False,True,1.0,False,True,1.0,0.0,0.3333333333333333,0.3333333333333333,0.0,0.3333333333333333,0.3333333333333333,0.0,0.3333333333333333,0.3333333333333333,0.0,0.25,0.25,0.0,0.25,0.25
xrd_perovskite_phase_structure,1.0,1.0,0.0,0.4692787260227565,0.7653606369886218,0.2960819109658653,0.4692787260227565,0.9674679834891693,0.4981892574664128,True,True,0.0,True,True,0.0,True,True,0.0,True,True,0.0,0.3333333333333333,0.3333333333333333,0.0,0.3333333333333333,0.6666666666666666,0.3333333333333333,0.3333333333333333,0.6666666666666666,0.3333333333333333,0.3333333333333333,0.6666666666666666,0.3333333333333333,0.3333333333333333,0.6666666666666666,0.3333333333333333
xy-spiral-001,1.0,1.0,0.0,0.4692787260227565,1.0,0.5307212739772436,0.3391602052736161,0.7227265726449517,0.38356636737133554,True,True,0.0,True,True,0.0,True,True,0.0,True,True,0.0,0.3333333333333333,0.3333333333333333,0.0,0.3333333333333333,0.3333333333333333,0.0,0.3333333333333333,0.3333333333333333,0.0,0.16666666666666666,0.3333333333333333,0.16666666666666666,0.16666666666666666,0.3333333333333333,0.16666666666666666
znalmg_in_situ_sem_tension,1.0,0.0,-1.0,0.4692787260227565,0.0,-0.4692787260227565,0.3391602052736161,0.14606834984270645,-0.19309185543090968,True,False,-1.0,True,False,-1.0,True,True,0.0,True,False,-1.0,0.3333333333333333,0.0,-0.3333333333333333,0.3333333333333333,0.0,-0.3333333333333333,0.3333333333333333,0.0,-0.3333333333333333,0.125,0.0,-0.125,0.125,0.125,0.0
zrte5_sdh_setup,0.0,0.0,0.0,0.0,0.0,0.0,0.0,0.0,0.0,False,False,0.0,False,False,0.0,False,False,0.0,False,False,0.0,0.0,0.0,0.0,0.0,0.0,0.0,0.0,0.0,0.0,0.0,0.0,0.0,0.0,0.0,0.0
